fertilizer_kg_acre,rainfall_mm,temperature,seed_variety,irrigation_type,disease_status,soil_quality,baseline_yield_kg_ha,yield_kg_acre
87.2,925.0,29.0,BG 352,Full Irrigation,Moderate,Average,4113.1,1389.1
116.1,1492.0,31.3,BG 358,Partial Irrigation,None,Excellent,4356.7,2387.0
57.1,1703.0,25.9,AT 362,Partial Irrigation,Mild,Good,4316.1,1576.4
62.5,1499.0,28.4,BG 352,Partial Irrigation,None,Poor,4234.9,1528.6
101.2,1070.0,29.3,Traditional,Full Irrigation,None,Excellent,4234.9,1640.9
70.6,1417.0,31.4,BG 352,Rainfed,Mild,Poor,4397.3,1067.1
93.7,1435.0,33.6,AT 362,Rainfed,None,Average,4113.1,1364.8
66.0,1144.0,32.5,AT 362,Full Irrigation,Mild,Good,4356.7,1527.0
41.5,1883.0,30.2,Traditional,Partial Irrigation,None,Good,4153.7,1048.6
94.5,1318.0,29.8,AT 362,Rainfed,Moderate,Average,4113.1,1250.8
33.1,1666.0,30.0,BG 359,Partial Irrigation,None,Excellent,4275.5,1809.3
39.9,1570.0,29.5,AT 362,Rainfed,None,Excellent,4437.9,1784.6
82.7,2041.0,24.6,BG 358,Partial Irrigation,Mild,Excellent,4356.7,1846.4
94.7,1059.0,31.0,BG 359,Rainfed,None,Average,4356.7,1304.4
109.5,1049.0,31.2,Traditional,Partial Irrigation,None,Excellent,4356.7,1337.5
47.3,1290.0,29.1,BG 352,Full Irrigation,Moderate,Poor,4397.3,1372.8
31.1,1461.0,32.7,BG 358,Rainfed,None,Excellent,4275.5,1455.1
115.6,1288.0,30.7,BG 352,Full Irrigation,None,Good,4153.7,2390.2
35.4,1892.0,27.6,BG 359,Rainfed,None,Good,4397.3,1460.5
39.8,1219.0,24.2,AT 362,Partial Irrigation,Mild,Poor,4275.5,1008.7
49.1,1010.0,24.6,BG 352,Full Irrigation,Mild,Excellent,4275.5,1565.4
72.9,1438.0,27.5,BG 359,Full Irrigation,Moderate,Average,4234.9,1734.6
108.3,1905.0,28.6,BG 359,Rainfed,None,Good,4153.7,1950.5
96.1,2006.0,25.7,AT 362,Rainfed,None,Poor,4437.9,1048.7
90.8,1853.0,25.9,BG 358,Full Irrigation,None,Excellent,4397.3,2633.6
37.5,1625.0,26.3,BG 352,Full Irrigation,None,Average,4316.1,1893.2
55.8,1841.0,31.8,BG 352,Partial Irrigation,Mild,Excellent,4234.9,1510.5
67.8,1786.0,31.7,BG 359,Rainfed,None,Excellent,4397.3,1895.0
34.7,1205.0,27.8,BG 359,Partial Irrigation,Mild,Good,4275.5,1829.9
47.3,1616.0,25.7,Traditional,Partial Irrigation,Mild,Poor,4234.9,822.9
50.8,1902.0,25.1,BG 359,Partial Irrigation,Mild,Average,4275.5,1270.3
32.7,1312.0,24.9,BG 352,Rainfed,None,Good,4194.3,1314.2
75.0,1750.0,27.9,AT 362,Rainfed,None,Good,4113.1,1769.4
90.5,1526.0,24.5,BG 352,Full Irrigation,Moderate,Good,4275.5,1766.0
27.0,1554.0,27.3,BG 358,Rainfed,Mild,Poor,4397.3,1116.3
68.1,1017.0,33.6,AT 362,Full Irrigation,None,Good,4113.1,1552.9
98.2,1766.0,29.1,BG 358,Partial Irrigation,Mild,Poor,4397.3,1718.9
94.8,2025.0,32.2,BG 359,Partial Irrigation,Moderate,Average,4397.3,1308.6
101.5,1084.0,25.3,BG 359,Full Irrigation,None,Poor,4194.3,1408.3
64.8,1376.0,26.7,Traditional,Rainfed,Moderate,Good,4316.1,990.3
102.1,963.0,33.5,BG 358,Full Irrigation,None,Good,4153.7,2108.2
44.1,939.0,27.8,Traditional,Rainfed,Severe,Excellent,4356.7,557.6
56.1,2187.0,30.5,AT 362,Partial Irrigation,None,Average,4356.7,1276.6
37.6,1542.0,33.8,AT 362,Partial Irrigation,None,Poor,4234.9,1068.1
66.7,1362.0,29.5,BG 352,Partial Irrigation,None,Poor,4113.1,1395.8
59.2,1257.0,27.1,BG 352,Rainfed,Moderate,Excellent,4437.9,1514.0
44.1,2174.0,29.3,AT 362,Full Irrigation,Severe,Excellent,4275.5,1115.0
95.2,1228.0,24.5,BG 359,Rainfed,None,Poor,4437.9,1427.8
51.4,1843.0,25.1,BG 358,Partial Irrigation,None,Good,4356.7,1622.9
47.3,1269.0,24.1,Traditional,Partial Irrigation,None,Average,4397.3,1086.7
33.1,992.0,32.8,BG 358,Partial Irrigation,None,Average,4356.7,1090.4
63.9,1788.0,30.7,BG 359,Partial Irrigation,Mild,Good,4153.7,1650.7
50.3,902.0,27.0,AT 362,Full Irrigation,None,Excellent,4234.9,1722.1
56.9,1778.0,26.2,Traditional,Full Irrigation,Severe,Poor,4275.5,719.5
43.6,1225.0,30.8,Traditional,Rainfed,Moderate,Excellent,4275.5,893.2
96.3,1870.0,33.2,AT 362,Partial Irrigation,None,Poor,4113.1,1188.8
113.0,1901.0,27.0,BG 352,Partial Irrigation,None,Good,4275.5,2093.9
69.8,1841.0,27.2,BG 352,Partial Irrigation,Severe,Poor,4153.7,719.8
84.3,932.0,32.5,AT 362,Full Irrigation,Moderate,Poor,4356.7,948.7
106.7,1815.0,32.9,BG 359,Partial Irrigation,Mild,Poor,4356.7,1335.6
119.9,2187.0,33.1,BG 352,Partial Irrigation,None,Excellent,4437.9,1965.0
81.4,1215.0,26.9,AT 362,Rainfed,None,Good,4356.7,1721.9
109.0,1257.0,25.2,Traditional,Partial Irrigation,Mild,Good,4234.9,1469.8
110.9,1958.0,28.4,BG 352,Partial Irrigation,None,Poor,4437.9,1636.0
99.1,1109.0,27.0,Traditional,Partial Irrigation,Mild,Excellent,4234.9,1385.6
66.1,1759.0,32.8,BG 358,Full Irrigation,Mild,Excellent,4194.3,2201.5
28.1,1882.0,24.4,BG 358,Rainfed,None,Average,4437.9,1041.8
21.6,948.0,30.3,AT 362,Rainfed,None,Excellent,4234.9,1019.8
67.7,1620.0,33.1,BG 358,Partial Irrigation,None,Poor,4113.1,1391.8
69.4,1649.0,33.8,BG 352,Rainfed,Moderate,Average,4275.5,1049.5
60.7,1294.0,30.5,Traditional,Full Irrigation,None,Poor,4397.3,1090.1
76.8,2039.0,33.5,BG 358,Full Irrigation,None,Poor,4153.7,1486.0
75.2,1112.0,24.8,BG 352,Partial Irrigation,Severe,Excellent,4275.5,801.4
103.7,1373.0,27.6,AT 362,Partial Irrigation,Mild,Average,4153.7,1749.4
30.9,2003.0,24.1,BG 358,Rainfed,None,Good,4356.7,1192.8
42.5,1148.0,33.8,AT 362,Partial Irrigation,Moderate,Excellent,4275.5,969.5
99.3,1968.0,33.0,BG 352,Full Irrigation,None,Excellent,4194.3,2292.1
104.8,1003.0,24.3,BG 359,Full Irrigation,Severe,Average,4194.3,1041.2
119.5,1536.0,24.2,BG 359,Full Irrigation,Moderate,Average,4316.1,1948.6
107.3,998.0,27.7,Traditional,Partial Irrigation,None,Poor,4356.7,1145.6
109.0,1781.0,26.6,BG 359,Partial Irrigation,None,Excellent,4437.9,2957.2
51.4,1928.0,32.5,Traditional,Rainfed,None,Excellent,4234.9,967.4
60.2,2005.0,25.6,BG 358,Full Irrigation,Mild,Good,4153.7,1754.5
46.8,2176.0,31.9,BG 359,Full Irrigation,Mild,Average,4397.3,1521.9
80.6,1774.0,29.5,Traditional,Partial Irrigation,None,Excellent,4316.1,1812.1
113.9,1900.0,27.8,BG 352,Full Irrigation,Severe,Average,4356.7,1243.1
54.5,1557.0,25.5,Traditional,Rainfed,None,Average,4113.1,911.5
75.7,2087.0,34.0,AT 362,Rainfed,Mild,Excellent,4194.3,1193.2
49.6,1737.0,30.2,AT 362,Partial Irrigation,Mild,Average,4356.7,1260.5
37.0,2049.0,28.4,BG 358,Rainfed,None,Excellent,4397.3,1589.6
39.5,1206.0,27.7,Traditional,Rainfed,None,Poor,4234.9,799.9
25.8,1546.0,33.1,Traditional,Full Irrigation,Mild,Average,4397.3,1077.4
114.9,1849.0,32.2,BG 358,Partial Irrigation,Mild,Average,4397.3,1652.0
60.3,1164.0,32.1,BG 359,Partial Irrigation,None,Average,4234.9,1302.9
103.4,1175.0,30.2,BG 352,Full Irrigation,Mild,Excellent,4437.9,1911.1
88.1,2171.0,32.9,BG 358,Partial Irrigation,None,Average,4194.3,1513.7
39.2,1465.0,27.0,BG 352,Partial Irrigation,None,Excellent,4194.3,1844.2
37.5,1136.0,31.0,BG 359,Partial Irrigation,Moderate,Poor,4356.7,803.4
101.2,1331.0,28.0,BG 359,Partial Irrigation,None,Average,4316.1,2204.8
46.5,1417.0,30.0,BG 359,Full Irrigation,Mild,Average,4153.7,1865.4
111.3,1710.0,34.0,AT 362,Partial Irrigation,Mild,Good,4397.3,1797.5
34.0,2100.0,33.8,Traditional,Partial Irrigation,None,Poor,4153.7,709.3
87.8,2183.0,29.1,BG 352,Partial Irrigation,None,Average,4397.3,1763.4
101.4,1747.0,29.7,BG 358,Rainfed,None,Good,4113.1,2041.6
43.5,1810.0,33.0,BG 358,Rainfed,None,Average,4397.3,1220.3
47.6,1318.0,33.9,Traditional,Rainfed,Mild,Excellent,4397.3,1113.1
116.5,2014.0,31.8,BG 352,Rainfed,None,Average,4397.3,1502.7
46.5,1183.0,24.7,BG 352,Partial Irrigation,Severe,Excellent,4316.1,819.9
63.0,1038.0,27.2,BG 352,Full Irrigation,None,Poor,4275.5,1499.2
63.3,2165.0,33.0,AT 362,Full Irrigation,None,Excellent,4356.7,1819.5
45.3,2023.0,31.7,BG 359,Full Irrigation,Moderate,Average,4194.3,1268.8
97.6,1295.0,31.4,Traditional,Partial Irrigation,None,Poor,4397.3,1162.7
97.2,1778.0,30.7,BG 358,Rainfed,Mild,Good,4316.1,1771.3
57.8,1507.0,28.2,BG 358,Partial Irrigation,Mild,Poor,4275.5,1357.1
103.5,1320.0,28.0,BG 359,Full Irrigation,Moderate,Poor,4275.5,1790.8
41.3,1273.0,32.1,BG 352,Full Irrigation,None,Good,4316.1,1896.1
20.4,1077.0,26.9,Traditional,Full Irrigation,None,Excellent,4113.1,1330.1
77.1,1614.0,30.8,Traditional,Partial Irrigation,Severe,Average,4153.7,598.4
119.4,1481.0,31.3,BG 352,Partial Irrigation,None,Good,4194.3,1989.9
23.9,1566.0,32.4,Traditional,Partial Irrigation,Mild,Poor,4153.7,656.3
40.8,1180.0,27.2,BG 359,Rainfed,Mild,Poor,4234.9,921.7
71.9,2120.0,31.4,BG 358,Rainfed,Mild,Excellent,4356.7,1606.4
101.0,1730.0,25.1,Traditional,Rainfed,Mild,Poor,4316.1,873.2
28.9,2069.0,25.4,BG 359,Full Irrigation,Severe,Average,4275.5,827.6
59.5,1042.0,28.2,BG 358,Rainfed,None,Good,4397.3,1519.9
94.7,1710.0,24.6,Traditional,Full Irrigation,Mild,Poor,4316.1,1193.8
57.2,2004.0,33.5,AT 362,Partial Irrigation,Mild,Excellent,4113.1,1353.8
38.9,1330.0,33.0,BG 352,Full Irrigation,None,Good,4356.7,1916.9
39.5,1154.0,24.5,AT 362,Rainfed,Moderate,Average,4316.1,681.7
61.0,1245.0,32.4,AT 362,Rainfed,None,Excellent,4316.1,1517.9
67.9,1255.0,29.1,BG 358,Rainfed,None,Good,4316.1,1921.9
106.2,1481.0,31.0,BG 359,Partial Irrigation,Moderate,Good,4275.5,1780.1
84.2,1324.0,32.9,Traditional,Partial Irrigation,Severe,Poor,4113.1,571.1
89.0,1253.0,29.8,BG 352,Rainfed,None,Poor,4316.1,1407.8
118.3,1743.0,25.2,AT 362,Full Irrigation,Mild,Poor,4397.3,1704.6
61.2,969.0,24.0,Traditional,Full Irrigation,None,Good,4194.3,1252.0
60.3,1342.0,29.0,Traditional,Rainfed,None,Excellent,4316.1,1340.1
112.3,1797.0,33.5,BG 358,Rainfed,None,Excellent,4113.1,1951.3
44.6,1129.0,29.7,BG 358,Full Irrigation,Moderate,Good,4234.9,1461.7
93.0,1187.0,27.7,Traditional,Partial Irrigation,None,Poor,4234.9,923.2
95.5,1161.0,24.3,BG 359,Full Irrigation,None,Good,4437.9,2189.4
29.8,901.0,33.1,BG 359,Full Irrigation,Mild,Good,4153.7,1472.0
66.8,1516.0,27.3,BG 359,Full Irrigation,None,Good,4194.3,2506.0
40.1,951.0,31.0,BG 359,Rainfed,None,Good,4234.9,1191.4
38.5,1255.0,30.9,AT 362,Partial Irrigation,None,Good,4437.9,1468.4
66.4,2193.0,26.5,BG 359,Partial Irrigation,Mild,Good,4397.3,1724.4
48.9,2094.0,24.6,BG 358,Full Irrigation,Mild,Average,4113.1,1544.5
99.6,1180.0,27.9,BG 359,Rainfed,Mild,Poor,4194.3,1103.3
110.8,1303.0,27.2,AT 362,Rainfed,None,Poor,4397.3,1378.7
100.3,1503.0,31.0,Traditional,Partial Irrigation,None,Excellent,4113.1,1557.7
46.6,1998.0,32.2,BG 359,Full Irrigation,Mild,Average,4397.3,1554.6
47.4,1943.0,26.2,AT 362,Full Irrigation,None,Average,4194.3,1624.0
45.5,1064.0,29.3,BG 359,Partial Irrigation,None,Average,4437.9,1583.9
33.5,1062.0,24.4,AT 362,Partial Irrigation,None,Poor,4194.3,808.1
114.4,1442.0,26.1,BG 358,Rainfed,None,Excellent,4234.9,2320.8
60.2,2031.0,31.6,BG 359,Full Irrigation,None,Poor,4316.1,1559.1
42.5,2047.0,31.9,BG 352,Rainfed,Severe,Poor,4153.7,483.0
104.7,1040.0,31.8,BG 358,Rainfed,None,Average,4316.1,1376.1
59.9,1647.0,25.4,AT 362,Partial Irrigation,Mild,Average,4275.5,1258.9
23.5,1102.0,29.5,BG 352,Partial Irrigation,None,Poor,4397.3,1049.3
36.2,1792.0,28.2,BG 358,Partial Irrigation,Mild,Average,4437.9,1619.4
83.9,2091.0,33.9,AT 362,Full Irrigation,Mild,Excellent,4316.1,1900.6
98.3,1491.0,30.5,Traditional,Rainfed,Severe,Average,4234.9,589.3
41.1,1008.0,33.4,BG 359,Full Irrigation,None,Excellent,4234.9,1810.5
111.7,1653.0,25.5,BG 359,Rainfed,Mild,Average,4234.9,1654.4
105.1,1431.0,28.5,BG 359,Rainfed,None,Poor,4397.3,1577.5
104.8,1954.0,31.7,AT 362,Rainfed,Mild,Poor,4194.3,925.7
42.8,1342.0,27.7,BG 359,Full Irrigation,Moderate,Excellent,4153.7,1915.3
25.1,2037.0,30.3,BG 352,Full Irrigation,Mild,Average,4234.9,1198.6
106.7,1256.0,29.1,BG 359,Full Irrigation,Mild,Excellent,4113.1,2951.8
50.6,1105.0,33.9,BG 358,Rainfed,Moderate,Excellent,4113.1,1035.4
81.9,1298.0,25.7,AT 362,Full Irrigation,Moderate,Poor,4113.1,1191.7
96.0,945.0,33.4,BG 352,Rainfed,None,Average,4356.7,1211.2
32.8,1266.0,28.0,AT 362,Partial Irrigation,None,Good,4356.7,1666.4
98.1,1758.0,28.7,BG 352,Full Irrigation,Mild,Poor,4356.7,1916.7
113.9,1085.0,29.3,Traditional,Rainfed,Severe,Excellent,4275.5,690.5
92.8,1045.0,26.7,AT 362,Rainfed,None,Poor,4356.7,1140.5
64.1,1072.0,33.6,BG 352,Rainfed,None,Excellent,4153.7,1223.8
107.7,1001.0,33.1,Traditional,Full Irrigation,None,Excellent,4437.9,1646.3
72.7,2037.0,33.7,BG 359,Partial Irrigation,None,Good,4275.5,1725.9
94.5,2127.0,34.0,AT 362,Rainfed,None,Excellent,4437.9,1558.6
102.1,961.0,30.7,BG 352,Partial Irrigation,None,Excellent,4153.7,1727.1
94.9,1888.0,28.5,BG 352,Full Irrigation,None,Good,4275.5,2346.0
48.8,1858.0,32.5,Traditional,Rainfed,Mild,Good,4356.7,840.5
31.8,2196.0,24.2,BG 359,Partial Irrigation,None,Average,4275.5,1331.8
43.8,1352.0,32.3,AT 362,Rainfed,None,Average,4275.5,1160.5
70.3,1271.0,29.0,Traditional,Rainfed,None,Excellent,4153.7,1392.5
70.5,1489.0,30.7,BG 359,Partial Irrigation,None,Poor,4234.9,1452.5
78.3,2014.0,27.7,BG 358,Partial Irrigation,None,Average,4194.3,1639.5
59.5,1847.0,27.7,Traditional,Partial Irrigation,None,Good,4194.3,1342.6
98.7,1513.0,24.3,BG 352,Rainfed,None,Average,4356.7,1441.6
111.3,1218.0,28.2,BG 359,Partial Irrigation,Mild,Average,4316.1,2103.7
44.7,1845.0,28.1,Traditional,Partial Irrigation,None,Good,4316.1,1178.6
93.7,2011.0,26.2,BG 358,Partial Irrigation,None,Average,4234.9,1781.4
87.8,1420.0,26.5,BG 358,Partial Irrigation,None,Excellent,4437.9,2576.2
72.3,1769.0,29.8,BG 359,Rainfed,None,Poor,4113.1,1323.5
38.9,1420.0,27.2,BG 352,Rainfed,None,Average,4234.9,1379.2
99.5,1522.0,32.3,BG 352,Full Irrigation,None,Excellent,4153.7,2389.6
116.1,1582.0,25.1,BG 358,Partial Irrigation,None,Average,4234.9,2023.9
92.2,1908.0,29.8,Traditional,Partial Irrigation,None,Good,4437.9,1523.7
111.8,2171.0,25.6,BG 358,Full Irrigation,Moderate,Good,4234.9,1777.5
118.4,1478.0,29.3,AT 362,Rainfed,None,Average,4437.9,1825.4
55.2,1345.0,29.5,BG 359,Full Irrigation,None,Good,4275.5,2489.6
83.8,1386.0,30.4,AT 362,Partial Irrigation,None,Poor,4356.7,1264.1
67.4,1074.0,28.3,BG 358,Full Irrigation,None,Good,4275.5,2003.2
118.7,1286.0,29.1,Traditional,Partial Irrigation,Mild,Poor,4194.3,1229.4
29.4,1012.0,25.8,BG 358,Partial Irrigation,None,Good,4356.7,1335.3
61.2,1456.0,28.6,AT 362,Partial Irrigation,None,Poor,4437.9,1423.2
107.6,1118.0,27.7,Traditional,Rainfed,Severe,Excellent,4194.3,699.5
48.4,1350.0,30.7,BG 359,Partial Irrigation,None,Good,4397.3,1792.5
98.8,1932.0,28.3,AT 362,Full Irrigation,None,Poor,4194.3,1611.7
58.3,1220.0,31.8,BG 352,Partial Irrigation,Mild,Poor,4356.7,1075.8
118.0,1695.0,28.3,BG 359,Rainfed,Severe,Poor,4397.3,950.7
108.4,2072.0,26.4,BG 358,Full Irrigation,None,Excellent,4275.5,2947.3
50.1,1637.0,26.7,Traditional,Rainfed,Mild,Good,4356.7,1120.3
97.0,1152.0,24.5,Traditional,Rainfed,None,Average,4194.3,937.6
53.7,1348.0,29.4,AT 362,Rainfed,Mild,Average,4113.1,1145.4
80.6,1667.0,32.3,Traditional,Rainfed,None,Poor,4113.1,818.2
85.8,1559.0,31.7,Traditional,Rainfed,Mild,Poor,4275.5,824.2
103.0,1093.0,28.4,AT 362,Rainfed,None,Excellent,4437.9,1720.7
22.4,1481.0,26.0,BG 359,Full Irrigation,None,Good,4153.7,1691.4
42.0,1606.0,32.6,BG 358,Partial Irrigation,None,Average,4275.5,1509.8
91.2,1248.0,24.6,Traditional,Rainfed,Mild,Poor,4356.7,860.6
76.4,1696.0,28.0,BG 352,Partial Irrigation,Mild,Average,4153.7,1475.6
69.6,991.0,32.6,BG 352,Full Irrigation,Moderate,Average,4356.7,1189.6
25.5,1338.0,27.9,Traditional,Full Irrigation,Severe,Poor,4194.3,577.3
54.8,1946.0,25.2,BG 352,Rainfed,None,Good,4397.3,1253.6
106.5,1237.0,26.7,BG 352,Rainfed,Mild,Good,4316.1,1739.0
23.1,1687.0,30.0,BG 359,Full Irrigation,None,Excellent,4275.5,2099.7
59.6,1433.0,25.5,BG 359,Partial Irrigation,Moderate,Average,4153.7,1314.8
114.5,1311.0,30.5,BG 352,Full Irrigation,Mild,Average,4275.5,2038.1
25.1,2091.0,28.4,BG 358,Rainfed,None,Excellent,4397.3,1375.8
95.0,1346.0,27.3,BG 358,Rainfed,None,Average,4113.1,1755.0
45.8,1208.0,26.4,BG 358,Partial Irrigation,Mild,Good,4356.7,1814.3
106.7,2082.0,32.2,BG 352,Rainfed,Moderate,Good,4275.5,1130.0
94.6,1870.0,28.0,AT 362,Full Irrigation,Moderate,Excellent,4356.7,1949.4
108.6,1786.0,31.4,BG 359,Full Irrigation,None,Average,4316.1,2469.0
41.6,964.0,28.4,Traditional,Rainfed,None,Good,4234.9,895.6
73.1,1071.0,24.9,BG 352,Partial Irrigation,Severe,Poor,4194.3,534.8
97.9,1730.0,28.4,AT 362,Partial Irrigation,Mild,Excellent,4316.1,1970.8
44.6,1172.0,29.1,Traditional,Partial Irrigation,None,Poor,4153.7,764.0
43.1,1193.0,28.6,BG 359,Partial Irrigation,Mild,Good,4316.1,1466.6
22.7,1913.0,32.2,AT 362,Partial Irrigation,Mild,Poor,4113.1,757.3
115.9,1272.0,33.1,BG 359,Full Irrigation,Mild,Average,4316.1,2188.1
91.0,993.0,31.9,BG 359,Rainfed,Mild,Poor,4316.1,1024.4
83.6,947.0,29.8,Traditional,Rainfed,Moderate,Good,4113.1,844.4
94.4,1476.0,29.4,BG 359,Full Irrigation,Moderate,Average,4356.7,2059.9
73.2,1702.0,30.4,BG 359,Full Irrigation,None,Good,4234.9,2410.2
67.6,2030.0,26.9,Traditional,Partial Irrigation,None,Average,4397.3,1146.7
65.0,1044.0,32.1,BG 359,Full Irrigation,Mild,Poor,4113.1,1157.0
84.0,1156.0,32.6,BG 352,Rainfed,Mild,Good,4153.7,1128.6
40.2,1589.0,26.7,AT 362,Full Irrigation,None,Good,4275.5,1977.4
108.8,1373.0,33.0,AT 362,Full Irrigation,Moderate,Good,4153.7,1614.9
101.2,1527.0,32.5,BG 358,Rainfed,None,Average,4194.3,1546.5
55.0,2101.0,28.2,AT 362,Rainfed,None,Good,4316.1,1423.5
77.9,1608.0,33.1,BG 352,Partial Irrigation,Moderate,Good,4153.7,1409.6
34.1,1440.0,25.2,BG 358,Full Irrigation,Severe,Poor,4356.7,829.3
117.2,2186.0,24.3,Traditional,Rainfed,None,Poor,4113.1,844.2
110.3,985.0,27.5,AT 362,Partial Irrigation,None,Average,4153.7,1614.6
112.2,2112.0,29.7,AT 362,Full Irrigation,None,Poor,4316.1,1686.5
53.2,1552.0,27.5,AT 362,Rainfed,None,Good,4397.3,1512.7
36.9,1555.0,33.4,BG 352,Partial Irrigation,None,Poor,4153.7,1140.2
41.2,2099.0,26.5,Traditional,Rainfed,None,Poor,4194.3,730.1
29.0,1560.0,26.8,BG 358,Rainfed,None,Poor,4437.9,1166.2
32.0,1470.0,30.3,AT 362,Partial Irrigation,Mild,Average,4437.9,1208.7
27.1,1254.0,24.0,Traditional,Rainfed,Mild,Poor,4316.1,633.5
119.0,1756.0,31.3,BG 358,Rainfed,Mild,Good,4275.5,1732.3
27.4,1641.0,27.8,AT 362,Full Irrigation,None,Poor,4234.9,1351.5
33.3,1179.0,33.8,BG 352,Rainfed,None,Excellent,4316.1,1163.6
102.7,1822.0,30.9,AT 362,Full Irrigation,None,Good,4316.1,2026.8
78.0,1737.0,24.5,BG 359,Rainfed,Severe,Poor,4194.3,725.9
97.4,1417.0,24.9,BG 352,Partial Irrigation,None,Average,4113.1,1622.0
83.1,906.0,24.9,AT 362,Full Irrigation,Mild,Poor,4153.7,1119.5
108.2,1481.0,33.5,Traditional,Partial Irrigation,None,Excellent,4437.9,1812.3
83.8,908.0,30.8,BG 352,Partial Irrigation,Moderate,Good,4234.9,1198.9
72.2,997.0,28.3,Traditional,Full Irrigation,None,Excellent,4275.5,1629.6
91.3,1460.0,26.0,Traditional,Rainfed,None,Average,4275.5,1158.6
64.7,1006.0,32.7,BG 359,Full Irrigation,Moderate,Poor,4397.3,1060.2
54.6,1258.0,26.0,Traditional,Full Irrigation,None,Poor,4113.1,1163.0
66.8,1752.0,31.1,BG 358,Full Irrigation,Mild,Average,4113.1,1758.2
37.0,1301.0,31.6,AT 362,Partial Irrigation,None,Excellent,4194.3,1512.9
99.7,2197.0,26.9,AT 362,Partial Irrigation,Severe,Average,4275.5,958.7
46.1,2091.0,29.0,BG 359,Partial Irrigation,Mild,Excellent,4356.7,1673.1
35.4,1661.0,26.2,Traditional,Partial Irrigation,None,Average,4275.5,1083.7
44.6,2157.0,27.8,Traditional,Full Irrigation,Moderate,Poor,4234.9,826.1
104.2,2028.0,33.7,AT 362,Full Irrigation,Mild,Average,4437.9,1716.5
53.0,1315.0,30.9,BG 359,Rainfed,Mild,Poor,4153.7,917.9
88.6,1874.0,32.5,Traditional,Rainfed,None,Good,4316.1,1000.5
105.6,1078.0,29.4,BG 359,Full Irrigation,None,Poor,4275.5,1805.3
27.8,1790.0,26.4,AT 362,Partial Irrigation,Mild,Good,4275.5,1531.5
96.5,1538.0,31.1,BG 352,Partial Irrigation,None,Average,4397.3,1880.6
50.8,922.0,29.0,BG 358,Rainfed,Moderate,Average,4194.3,922.1
41.7,1256.0,25.8,Traditional,Rainfed,None,Good,4437.9,1034.0
88.9,2142.0,28.1,BG 359,Partial Irrigation,Mild,Good,4194.3,1808.5
111.0,1311.0,30.3,BG 359,Full Irrigation,None,Excellent,4275.5,3034.1
49.5,1136.0,31.4,Traditional,Full Irrigation,Mild,Average,4275.5,1012.5
76.9,1144.0,26.4,BG 358,Full Irrigation,None,Excellent,4397.3,2566.7
49.0,1523.0,32.8,BG 358,Rainfed,None,Excellent,4234.9,1612.9
75.4,1995.0,27.8,BG 352,Rainfed,None,Excellent,4194.3,1600.8
82.2,1885.0,26.7,BG 358,Partial Irrigation,Mild,Excellent,4113.1,1919.9
81.0,1468.0,26.0,BG 359,Partial Irrigation,None,Excellent,4234.9,2292.1
82.4,1171.0,32.0,AT 362,Rainfed,Mild,Average,4397.3,997.0
33.5,960.0,27.5,BG 358,Partial Irrigation,None,Good,4113.1,1332.2
89.4,1501.0,28.8,BG 359,Full Irrigation,Mild,Excellent,4437.9,2950.5
87.5,1959.0,26.2,BG 358,Rainfed,Mild,Average,4275.5,1398.5
88.3,1849.0,30.9,Traditional,Full Irrigation,None,Excellent,4153.7,1468.0
27.4,1431.0,31.8,BG 359,Partial Irrigation,None,Good,4194.3,1579.0
64.7,1673.0,27.4,BG 352,Partial Irrigation,None,Average,4275.5,1756.6
60.9,1467.0,33.5,AT 362,Partial Irrigation,Mild,Excellent,4194.3,1694.8
28.7,1653.0,24.3,BG 358,Full Irrigation,Severe,Poor,4113.1,707.6
42.2,1573.0,25.3,Traditional,Partial Irrigation,None,Good,4316.1,1210.5
64.1,1785.0,29.9,BG 358,Rainfed,Mild,Excellent,4356.7,1936.6
94.3,1560.0,31.0,Traditional,Rainfed,Mild,Poor,4153.7,838.8
43.7,2123.0,26.5,AT 362,Full Irrigation,Mild,Average,4194.3,1373.9
103.0,1456.0,29.5,BG 352,Rainfed,None,Good,4194.3,1835.2
74.6,921.0,27.2,AT 362,Full Irrigation,Severe,Poor,4316.1,782.8
96.0,1207.0,29.5,AT 362,Partial Irrigation,None,Excellent,4356.7,2344.0
67.3,1551.0,30.6,BG 359,Rainfed,Moderate,Good,4356.7,1275.1
69.9,1603.0,33.7,BG 352,Rainfed,None,Average,4437.9,1447.9
82.0,1618.0,28.6,BG 359,Full Irrigation,Moderate,Average,4356.7,1919.7
112.8,1829.0,30.5,AT 362,Rainfed,Severe,Poor,4194.3,543.2
69.2,1257.0,29.8,BG 352,Rainfed,Moderate,Poor,4113.1,947.8
72.9,1764.0,27.2,BG 358,Rainfed,None,Good,4316.1,1940.2
80.2,1815.0,26.5,AT 362,Partial Irrigation,Moderate,Excellent,4437.9,1553.6
93.8,1435.0,33.9,BG 359,Full Irrigation,None,Average,4437.9,2357.5
27.2,1423.0,26.1,Traditional,Rainfed,Mild,Poor,4194.3,760.2
71.6,1133.0,31.9,BG 358,Full Irrigation,None,Good,4194.3,1744.3
68.2,1438.0,25.5,AT 362,Full Irrigation,Mild,Good,4113.1,1735.6
112.2,1923.0,32.0,BG 359,Rainfed,None,Poor,4153.7,1298.2
69.4,2082.0,25.9,BG 358,Rainfed,None,Good,4275.5,1311.6
66.8,1672.0,33.7,Traditional,Partial Irrigation,None,Poor,4275.5,956.5
116.2,1289.0,30.9,AT 362,Rainfed,None,Poor,4234.9,1307.0
65.1,1787.0,24.9,BG 359,Rainfed,None,Average,4194.3,1471.6
38.1,1862.0,30.9,BG 358,Partial Irrigation,Moderate,Good,4397.3,1187.8
41.7,1332.0,30.0,Traditional,Full Irrigation,Mild,Good,4275.5,1329.8
29.5,1975.0,27.4,BG 352,Full Irrigation,Mild,Good,4397.3,1612.1
20.1,996.0,26.6,BG 352,Partial Irrigation,Moderate,Poor,4437.9,819.6
63.2,914.0,31.2,BG 352,Rainfed,None,Average,4194.3,975.8
96.9,1060.0,31.4,AT 362,Rainfed,None,Good,4153.7,1191.4
93.3,1103.0,27.3,BG 352,Partial Irrigation,None,Good,4437.9,1865.9
23.2,2043.0,32.8,AT 362,Rainfed,None,Poor,4316.1,748.1
77.0,1452.0,26.7,BG 352,Partial Irrigation,Mild,Excellent,4194.3,2044.1
35.4,1257.0,24.7,AT 362,Full Irrigation,Mild,Poor,4316.1,1211.9
114.1,1458.0,30.0,AT 362,Full Irrigation,Mild,Excellent,4275.5,2913.1
36.7,1413.0,25.1,Traditional,Rainfed,Mild,Good,4437.9,952.8
82.7,1292.0,26.8,BG 358,Rainfed,None,Poor,4194.3,1388.2
52.6,1079.0,29.1,BG 352,Rainfed,Mild,Average,4437.9,1121.8
84.2,1753.0,26.9,AT 362,Partial Irrigation,None,Average,4437.9,1771.9
61.2,1078.0,26.1,BG 359,Rainfed,Moderate,Excellent,4153.7,1272.9
96.0,1908.0,31.0,Traditional,Full Irrigation,None,Good,4153.7,1494.6
43.1,1162.0,29.5,BG 352,Full Irrigation,None,Average,4275.5,1562.8
110.6,1851.0,32.4,BG 359,Rainfed,None,Excellent,4113.1,1649.6
70.0,1947.0,29.8,BG 352,Partial Irrigation,None,Poor,4194.3,1158.8
95.6,1063.0,28.8,BG 359,Partial Irrigation,None,Excellent,4234.9,1997.1
105.0,1013.0,26.6,BG 352,Rainfed,None,Excellent,4437.9,1932.7
119.9,2134.0,31.9,AT 362,Full Irrigation,Mild,Average,4437.9,1692.7
42.4,1502.0,26.0,AT 362,Full Irrigation,Moderate,Poor,4153.7,1032.9
48.7,1719.0,26.4,BG 352,Rainfed,None,Excellent,4437.9,1744.8
45.0,930.0,32.4,BG 359,Partial Irrigation,None,Excellent,4113.1,1458.2
46.3,1262.0,31.4,BG 359,Partial Irrigation,Moderate,Average,4356.7,1214.3
78.2,1557.0,30.1,AT 362,Rainfed,None,Poor,4397.3,1201.8
119.4,2052.0,24.4,BG 359,Rainfed,Moderate,Average,4437.9,1268.7
119.0,1253.0,25.3,BG 359,Rainfed,None,Poor,4194.3,1464.4
72.7,1908.0,29.0,Traditional,Full Irrigation,None,Good,4437.9,1755.6
83.9,1761.0,31.5,BG 359,Partial Irrigation,None,Good,4153.7,1921.4
106.0,1050.0,28.6,Traditional,Full Irrigation,None,Average,4275.5,1542.3
113.3,1281.0,24.2,Traditional,Rainfed,Mild,Good,4275.5,1265.0
40.4,1209.0,25.8,Traditional,Partial Irrigation,Moderate,Good,4194.3,915.5
72.9,1475.0,29.9,Traditional,Partial Irrigation,None,Poor,4113.1,1074.4
103.3,1726.0,30.9,AT 362,Partial Irrigation,Moderate,Average,4356.7,1292.2
50.3,1463.0,24.3,BG 359,Full Irrigation,None,Excellent,4234.9,2239.3
64.0,1218.0,24.4,BG 359,Partial Irrigation,None,Excellent,4316.1,2002.3
118.6,1805.0,26.6,BG 358,Rainfed,Moderate,Excellent,4234.9,1586.3
118.5,1660.0,24.8,Traditional,Rainfed,Moderate,Excellent,4234.9,1156.9
110.6,1575.0,29.4,AT 362,Partial Irrigation,None,Poor,4397.3,1667.2
99.8,1621.0,25.2,Traditional,Rainfed,None,Average,4113.1,1090.1
46.9,1188.0,30.5,AT 362,Rainfed,None,Average,4356.7,962.1
52.1,1785.0,31.8,BG 359,Rainfed,None,Good,4356.7,1503.0
74.7,1404.0,33.7,BG 358,Rainfed,Mild,Excellent,4234.9,1580.6
76.1,1373.0,33.5,Traditional,Rainfed,None,Good,4194.3,1126.4
70.6,1095.0,26.7,AT 362,Partial Irrigation,Mild,Good,4113.1,1321.9
83.7,1676.0,24.3,Traditional,Partial Irrigation,None,Poor,4437.9,1025.4
60.8,1683.0,27.3,BG 359,Rainfed,None,Good,4437.9,2027.5
94.9,1342.0,31.1,BG 359,Rainfed,None,Excellent,4194.3,1835.7
53.4,2018.0,24.6,BG 352,Partial Irrigation,None,Excellent,4113.1,1623.8
53.1,1999.0,27.6,BG 352,Rainfed,Mild,Good,4153.7,1274.9
32.7,1042.0,27.0,AT 362,Full Irrigation,Severe,Poor,4113.1,645.4
38.9,1804.0,26.2,BG 358,Partial Irrigation,Moderate,Poor,4397.3,1018.7
105.1,1412.0,31.1,BG 352,Partial Irrigation,Mild,Good,4437.9,1949.7
64.6,2200.0,30.6,AT 362,Rainfed,None,Excellent,4153.7,1390.8
42.8,1193.0,29.4,AT 362,Rainfed,Moderate,Excellent,4356.7,982.9
95.9,1265.0,33.1,BG 352,Rainfed,Moderate,Average,4153.7,1102.8
75.4,1475.0,25.0,BG 359,Partial Irrigation,Moderate,Good,4234.9,1465.4
22.1,1249.0,25.5,BG 359,Rainfed,None,Poor,4316.1,935.0
51.6,1800.0,27.8,BG 352,Full Irrigation,None,Good,4356.7,2225.2
37.7,1525.0,30.6,AT 362,Rainfed,Mild,Poor,4397.3,940.1
85.6,1187.0,29.8,BG 358,Partial Irrigation,None,Excellent,4113.1,1938.9
47.5,1558.0,24.7,Traditional,Partial Irrigation,None,Excellent,4153.7,1366.4
26.5,2055.0,33.6,BG 352,Partial Irrigation,None,Poor,4194.3,995.7
25.5,1930.0,27.1,Traditional,Full Irrigation,Mild,Excellent,4194.3,1444.0
78.2,1548.0,27.6,BG 352,Partial Irrigation,None,Excellent,4437.9,2520.7
22.2,1275.0,30.2,AT 362,Full Irrigation,Mild,Average,4356.7,1466.6
104.9,1134.0,33.5,AT 362,Rainfed,Mild,Average,4194.3,1063.0
35.5,2042.0,30.6,BG 359,Full Irrigation,None,Poor,4437.9,1363.9
80.7,1823.0,33.5,BG 358,Partial Irrigation,None,Excellent,4275.5,1906.0
64.5,1644.0,25.9,BG 352,Partial Irrigation,Severe,Poor,4275.5,696.2
64.3,2043.0,30.2,BG 358,Partial Irrigation,None,Excellent,4234.9,1759.1
27.2,1058.0,32.3,AT 362,Full Irrigation,None,Good,4153.7,1349.2
100.3,1787.0,29.1,AT 362,Rainfed,None,Excellent,4437.9,2046.2
109.3,1182.0,27.6,BG 352,Partial Irrigation,None,Average,4113.1,1498.0
21.1,1057.0,33.8,BG 352,Rainfed,Mild,Excellent,4153.7,973.1
37.9,1505.0,25.4,BG 359,Partial Irrigation,None,Average,4194.3,1405.4
110.4,1404.0,28.1,BG 359,Rainfed,Moderate,Average,4194.3,1449.6
74.9,2124.0,32.7,Traditional,Partial Irrigation,None,Average,4153.7,995.1
35.0,1321.0,33.0,AT 362,Rainfed,Severe,Excellent,4113.1,701.8
40.3,1959.0,33.8,BG 359,Rainfed,Mild,Average,4356.7,1103.2
86.0,1873.0,32.8,BG 359,Partial Irrigation,None,Average,4437.9,1625.3
92.5,1768.0,24.5,AT 362,Rainfed,Mild,Good,4153.7,1460.7
79.9,2097.0,33.3,BG 359,Partial Irrigation,None,Good,4194.3,1732.1
115.3,1430.0,28.3,AT 362,Rainfed,Severe,Good,4275.5,1061.7
69.4,1407.0,30.5,BG 352,Full Irrigation,Mild,Average,4437.9,1783.9
50.0,1109.0,27.9,Traditional,Full Irrigation,None,Poor,4356.7,968.1
67.7,1258.0,32.1,Traditional,Partial Irrigation,None,Excellent,4356.7,1465.4
56.0,2044.0,29.8,BG 359,Rainfed,Severe,Average,4316.1,793.0
42.4,1517.0,32.5,BG 359,Rainfed,Mild,Excellent,4234.9,1528.1
24.6,1344.0,25.9,BG 359,Full Irrigation,None,Average,4153.7,1539.4
55.2,1181.0,25.8,Traditional,Full Irrigation,None,Good,4397.3,1167.3
91.1,1530.0,28.4,BG 352,Full Irrigation,None,Good,4397.3,2642.5
21.8,1832.0,24.0,BG 358,Partial Irrigation,Mild,Excellent,4113.1,1362.5
63.9,1273.0,30.9,AT 362,Partial Irrigation,Mild,Poor,4356.7,1134.7
84.4,1885.0,27.0,AT 362,Rainfed,Moderate,Good,4113.1,1105.0
81.0,1719.0,29.6,BG 358,Rainfed,Mild,Poor,4356.7,1273.2
97.7,1924.0,24.7,BG 352,Full Irrigation,Mild,Excellent,4397.3,2070.0
101.1,1226.0,25.7,BG 359,Partial Irrigation,None,Good,4153.7,2036.3
91.2,1720.0,30.2,AT 362,Partial Irrigation,Mild,Excellent,4234.9,1859.9
30.3,1100.0,27.1,AT 362,Partial Irrigation,None,Average,4153.7,1150.3
67.5,1373.0,26.1,BG 352,Rainfed,Moderate,Poor,4316.1,954.9
80.3,1842.0,26.3,BG 352,Full Irrigation,None,Good,4437.9,2361.9
44.6,1721.0,26.1,BG 358,Full Irrigation,Mild,Poor,4113.1,1579.8
24.3,1144.0,30.2,BG 359,Full Irrigation,Moderate,Average,4234.9,996.6
42.4,2016.0,25.7,BG 352,Partial Irrigation,Mild,Average,4437.9,1140.1
65.5,969.0,27.6,BG 352,Full Irrigation,None,Poor,4194.3,1417.5
61.4,1674.0,30.9,BG 359,Partial Irrigation,Mild,Poor,4153.7,1236.9
37.7,2179.0,29.1,BG 358,Partial Irrigation,None,Good,4275.5,1535.0
102.4,1591.0,30.0,AT 362,Rainfed,None,Excellent,4275.5,2034.9
112.6,1941.0,26.5,BG 352,Full Irrigation,Mild,Average,4316.1,2079.6
40.1,1674.0,33.3,Traditional,Rainfed,Moderate,Average,4194.3,712.8
113.0,1918.0,28.1,BG 352,Full Irrigation,None,Poor,4437.9,1860.1
21.8,1752.0,26.9,BG 359,Partial Irrigation,Severe,Good,4275.5,955.3
112.5,1798.0,33.0,Traditional,Rainfed,None,Excellent,4194.3,1406.8
115.2,1196.0,30.6,AT 362,Partial Irrigation,Moderate,Good,4437.9,1299.7
21.2,1864.0,30.1,Traditional,Rainfed,Mild,Average,4437.9,672.7
96.3,1209.0,32.9,BG 352,Partial Irrigation,Moderate,Good,4275.5,1542.9
117.0,2175.0,24.6,AT 362,Rainfed,Moderate,Excellent,4113.1,1167.9
110.6,1196.0,32.4,BG 352,Full Irrigation,Severe,Excellent,4316.1,1226.7
117.1,1208.0,30.8,AT 362,Partial Irrigation,Mild,Poor,4275.5,1304.4
75.0,2016.0,27.6,BG 358,Partial Irrigation,None,Average,4153.7,1640.4
27.8,1216.0,26.6,AT 362,Full Irrigation,None,Excellent,4316.1,2252.7
105.0,1369.0,25.0,BG 352,Partial Irrigation,Mild,Good,4397.3,1779.4
81.4,1829.0,33.4,Traditional,Partial Irrigation,None,Excellent,4113.1,1247.9
81.5,1106.0,25.4,BG 359,Rainfed,Moderate,Excellent,4356.7,1157.7
61.7,1107.0,26.6,BG 359,Partial Irrigation,None,Poor,4153.7,1246.7
77.2,1532.0,30.9,BG 359,Full Irrigation,Moderate,Good,4356.7,1982.4
35.4,1217.0,31.1,BG 352,Full Irrigation,None,Good,4234.9,1817.2
94.0,1206.0,25.6,BG 358,Partial Irrigation,Moderate,Average,4113.1,1358.8
27.5,912.0,32.1,AT 362,Rainfed,Severe,Good,4437.9,578.9
93.0,1382.0,29.1,Traditional,Full Irrigation,None,Poor,4153.7,1445.6
104.9,1314.0,32.5,Traditional,Rainfed,Mild,Average,4316.1,1087.7
67.2,941.0,24.9,BG 359,Rainfed,None,Average,4153.7,1167.7
71.0,1708.0,24.4,BG 358,Full Irrigation,Moderate,Average,4437.9,1445.5
51.2,1715.0,30.4,BG 359,Full Irrigation,Moderate,Good,4356.7,1705.3
116.9,992.0,25.5,BG 359,Full Irrigation,None,Excellent,4397.3,2405.8
93.3,1312.0,29.2,BG 358,Partial Irrigation,None,Excellent,4234.9,2470.7
56.9,2035.0,24.1,BG 358,Full Irrigation,None,Good,4275.5,2008.7
37.5,1657.0,31.8,Traditional,Full Irrigation,None,Average,4316.1,1207.2
42.0,1436.0,33.0,BG 358,Rainfed,Moderate,Excellent,4397.3,1363.6
66.4,1505.0,32.4,BG 352,Full Irrigation,None,Excellent,4397.3,2210.9
114.3,1171.0,33.6,AT 362,Full Irrigation,Severe,Excellent,4113.1,1059.0
93.4,1955.0,33.0,AT 362,Rainfed,Severe,Excellent,4316.1,858.4
41.5,2088.0,28.4,BG 358,Full Irrigation,Moderate,Excellent,4113.1,1641.5
106.0,2084.0,28.0,AT 362,Partial Irrigation,Mild,Excellent,4194.3,1900.7
57.8,1191.0,33.0,Traditional,Full Irrigation,None,Good,4397.3,1250.9
105.2,1304.0,33.3,Traditional,Partial Irrigation,Moderate,Good,4194.3,1137.4
44.2,1109.0,33.7,AT 362,Rainfed,Mild,Good,4397.3,972.2
81.9,1299.0,31.7,BG 359,Rainfed,Severe,Average,4275.5,846.8
112.7,1333.0,26.0,BG 352,Partial Irrigation,None,Excellent,4194.3,2573.8
45.8,1723.0,33.4,BG 359,Full Irrigation,None,Good,4234.9,2216.0
89.3,1147.0,33.5,Traditional,Full Irrigation,Severe,Good,4275.5,754.7
118.7,2095.0,30.7,Traditional,Rainfed,Moderate,Good,4356.7,926.6
35.1,1034.0,32.6,AT 362,Full Irrigation,None,Poor,4316.1,1024.6
28.8,909.0,29.6,Traditional,Partial Irrigation,Mild,Excellent,4437.9,1120.5
87.4,2011.0,33.4,BG 359,Partial Irrigation,None,Good,4397.3,1904.1
54.0,1815.0,24.9,BG 352,Rainfed,Mild,Excellent,4356.7,1170.7
27.1,1362.0,32.6,BG 359,Partial Irrigation,None,Poor,4316.1,1098.3
67.5,1674.0,24.6,BG 358,Partial Irrigation,None,Poor,4194.3,1312.8
95.4,1191.0,27.4,Traditional,Full Irrigation,None,Excellent,4234.9,1768.3
48.5,1119.0,25.4,AT 362,Partial Irrigation,None,Good,4153.7,1191.8
53.5,1512.0,28.8,BG 359,Partial Irrigation,None,Good,4234.9,2077.1
104.6,1359.0,26.3,BG 358,Partial Irrigation,None,Average,4437.9,2229.0
72.0,1700.0,33.5,BG 352,Partial Irrigation,None,Good,4234.9,1842.3
104.3,1184.0,29.6,BG 352,Partial Irrigation,Mild,Good,4153.7,1696.2
64.6,1762.0,33.0,BG 358,Rainfed,Mild,Poor,4316.1,1100.1
115.3,1897.0,26.8,BG 358,Full Irrigation,Mild,Good,4437.9,2702.4
85.1,1117.0,24.3,BG 358,Rainfed,None,Good,4397.3,1343.3
31.6,957.0,31.8,Traditional,Full Irrigation,None,Average,4194.3,934.8
108.5,1471.0,31.0,AT 362,Full Irrigation,Moderate,Average,4275.5,1600.0
68.9,1906.0,29.5,BG 359,Full Irrigation,Moderate,Excellent,4275.5,2027.6
34.2,1746.0,32.2,BG 352,Rainfed,Severe,Good,4194.3,649.4
35.3,1812.0,32.4,Traditional,Rainfed,Severe,Average,4194.3,400.9
88.8,1424.0,29.9,AT 362,Rainfed,Mild,Good,4194.3,1616.6
24.7,1205.0,33.7,BG 359,Partial Irrigation,Moderate,Poor,4437.9,962.1
48.7,1591.0,31.2,BG 359,Full Irrigation,None,Average,4356.7,1998.2
34.0,1166.0,30.8,BG 359,Full Irrigation,Mild,Good,4397.3,1572.0
64.1,1844.0,27.6,Traditional,Full Irrigation,Severe,Average,4397.3,771.1
61.4,1156.0,24.0,AT 362,Full Irrigation,Mild,Poor,4437.9,1141.3
72.2,1279.0,26.4,BG 359,Rainfed,None,Good,4113.1,1827.9
48.0,1559.0,31.6,AT 362,Full Irrigation,None,Excellent,4397.3,2071.3
23.2,1533.0,31.1,Traditional,Rainfed,None,Average,4113.1,802.8
81.4,1681.0,27.3,BG 358,Full Irrigation,None,Excellent,4275.5,2982.0
57.4,1469.0,30.3,Traditional,Full Irrigation,Moderate,Excellent,4316.1,1314.7
85.1,2095.0,26.0,AT 362,Full Irrigation,Mild,Good,4234.9,1767.1
30.9,1992.0,26.6,BG 352,Partial Irrigation,None,Excellent,4153.7,1613.5
21.4,2043.0,33.5,Traditional,Partial Irrigation,Mild,Average,4153.7,763.1
44.8,1718.0,28.1,AT 362,Partial Irrigation,None,Excellent,4397.3,2098.8
65.7,1726.0,26.4,BG 358,Partial Irrigation,Mild,Poor,4194.3,1458.8
59.4,1692.0,28.9,BG 358,Partial Irrigation,None,Average,4194.3,1751.9
101.0,1465.0,27.9,Traditional,Partial Irrigation,None,Good,4437.9,1786.0
57.8,1319.0,31.3,Traditional,Rainfed,Mild,Poor,4153.7,725.7
73.0,1670.0,33.6,BG 352,Partial Irrigation,Mild,Excellent,4437.9,1890.8
79.4,933.0,29.9,AT 362,Full Irrigation,Mild,Excellent,4437.9,2135.7
22.2,910.0,29.9,BG 352,Full Irrigation,None,Poor,4316.1,1105.4
71.5,2007.0,27.6,BG 358,Rainfed,Mild,Excellent,4153.7,1702.0
54.5,960.0,29.6,BG 359,Rainfed,None,Poor,4153.7,1114.3
62.1,1582.0,27.2,BG 358,Partial Irrigation,None,Poor,4194.3,1554.7
30.0,1699.0,24.0,BG 359,Full Irrigation,Mild,Excellent,4316.1,2030.7
98.3,1158.0,32.7,BG 359,Rainfed,Mild,Good,4153.7,1323.4
114.2,2064.0,28.3,BG 359,Rainfed,Moderate,Excellent,4275.5,1669.2
22.2,1147.0,28.9,Traditional,Rainfed,None,Average,4153.7,744.7
80.1,2050.0,24.8,BG 352,Rainfed,Moderate,Good,4275.5,1099.8
96.4,1892.0,32.4,AT 362,Rainfed,None,Poor,4113.1,1017.6
48.5,1213.0,25.7,BG 358,Full Irrigation,Mild,Good,4356.7,2006.5
98.8,1096.0,28.1,BG 352,Full Irrigation,Moderate,Excellent,4113.1,1855.9
83.2,1311.0,32.4,BG 359,Partial Irrigation,Mild,Good,4153.7,1866.0
112.9,1417.0,28.6,BG 358,Rainfed,Moderate,Excellent,4153.7,1734.4
118.1,1220.0,33.3,BG 352,Full Irrigation,Moderate,Average,4397.3,1839.2
24.2,2199.0,26.1,BG 359,Rainfed,None,Excellent,4113.1,1534.8
64.5,1199.0,31.2,Traditional,Rainfed,Severe,Good,4234.9,487.4
74.7,1980.0,33.8,BG 359,Rainfed,Severe,Poor,4316.1,645.7
34.7,1107.0,29.5,AT 362,Partial Irrigation,None,Average,4275.5,1119.1
53.6,2174.0,30.9,BG 352,Full Irrigation,None,Average,4356.7,1550.7
118.8,1193.0,27.9,BG 352,Partial Irrigation,None,Poor,4397.3,1436.2
21.6,1448.0,31.5,BG 358,Partial Irrigation,Moderate,Excellent,4234.9,1355.7
65.3,1626.0,33.1,AT 362,Partial Irrigation,Severe,Poor,4397.3,727.2
104.3,1056.0,31.0,Traditional,Full Irrigation,Moderate,Good,4194.3,1113.0
52.4,1962.0,33.4,BG 352,Full Irrigation,None,Excellent,4437.9,2045.5
68.0,1257.0,29.9,BG 359,Partial Irrigation,None,Average,4275.5,2046.2
117.8,1614.0,29.8,BG 358,Partial Irrigation,None,Good,4356.7,2618.3
67.5,1615.0,27.0,AT 362,Partial Irrigation,None,Good,4397.3,1944.4
33.1,1683.0,31.1,BG 358,Full Irrigation,None,Excellent,4397.3,2252.5
25.2,972.0,32.8,BG 359,Partial Irrigation,None,Poor,4397.3,940.1
114.5,1119.0,30.5,Traditional,Full Irrigation,None,Average,4275.5,1336.9
46.6,1110.0,26.3,BG 359,Rainfed,None,Good,4113.1,1455.1
70.4,1293.0,29.4,AT 362,Full Irrigation,Mild,Poor,4275.5,1538.5
29.1,1088.0,31.6,AT 362,Full Irrigation,None,Excellent,4153.7,1493.4
62.4,2098.0,33.4,BG 359,Full Irrigation,None,Good,4437.9,2094.6
113.0,1567.0,25.6,BG 358,Full Irrigation,Mild,Poor,4194.3,1778.4
70.2,1711.0,25.3,Traditional,Partial Irrigation,Severe,Poor,4194.3,529.0
117.1,1365.0,28.1,BG 358,Rainfed,Mild,Poor,4194.3,1585.1
45.9,1259.0,25.3,Traditional,Partial Irrigation,Mild,Good,4316.1,1124.1
70.5,1554.0,33.8,Traditional,Partial Irrigation,Mild,Good,4316.1,1254.1
106.0,1283.0,28.2,BG 359,Rainfed,Mild,Average,4437.9,1941.2
64.8,1347.0,29.3,Traditional,Rainfed,Mild,Good,4234.9,1142.0
47.9,1489.0,26.3,AT 362,Rainfed,None,Average,4194.3,1236.3
105.5,1557.0,28.5,AT 362,Partial Irrigation,Mild,Average,4113.1,1808.9
59.0,2180.0,33.8,BG 352,Rainfed,None,Poor,4113.1,905.2
73.1,1190.0,28.9,BG 352,Full Irrigation,None,Poor,4234.9,1507.6
117.7,1534.0,24.1,BG 352,Rainfed,None,Good,4437.9,1807.2
38.6,1094.0,26.4,BG 352,Full Irrigation,None,Good,4275.5,1740.7
50.1,1355.0,33.8,Traditional,Full Irrigation,None,Poor,4437.9,1073.7
23.1,1833.0,33.9,BG 352,Partial Irrigation,Mild,Poor,4113.1,817.6
59.2,1127.0,26.1,BG 352,Partial Irrigation,None,Average,4113.1,1276.8
40.0,1656.0,30.2,Traditional,Full Irrigation,None,Good,4397.3,1385.6
88.0,1442.0,24.8,BG 358,Rainfed,None,Good,4113.1,1659.6
38.1,967.0,29.8,Traditional,Full Irrigation,None,Good,4113.1,1120.6
87.5,2113.0,25.3,Traditional,Partial Irrigation,Mild,Poor,4234.9,790.9
46.3,1438.0,32.2,BG 359,Rainfed,None,Average,4437.9,1414.5
55.5,1919.0,33.4,Traditional,Full Irrigation,None,Excellent,4356.7,1478.3
54.9,1441.0,25.7,Traditional,Partial Irrigation,None,Good,4113.1,1133.7
91.7,2119.0,28.6,BG 352,Rainfed,None,Excellent,4397.3,1887.5
66.7,1278.0,25.0,BG 352,Partial Irrigation,None,Good,4397.3,1710.9
56.1,1436.0,27.4,BG 358,Partial Irrigation,None,Excellent,4397.3,2358.7
105.3,1887.0,24.7,BG 359,Full Irrigation,Mild,Good,4437.9,2211.3
77.2,1347.0,26.6,AT 362,Partial Irrigation,Severe,Good,4194.3,1040.9
41.4,1374.0,33.9,BG 352,Full Irrigation,Mild,Good,4437.9,1782.3
110.0,2193.0,24.4,BG 352,Full Irrigation,None,Average,4194.3,2045.3
54.3,1622.0,32.6,BG 358,Rainfed,None,Average,4397.3,1339.1
23.9,1796.0,24.8,BG 358,Partial Irrigation,Mild,Poor,4316.1,1068.5
69.5,1737.0,29.3,Traditional,Rainfed,None,Average,4397.3,1205.3
32.4,1976.0,28.5,BG 358,Partial Irrigation,Moderate,Poor,4316.1,901.7
43.8,2020.0,33.3,Traditional,Rainfed,None,Average,4316.1,737.8
94.7,1632.0,26.0,BG 352,Partial Irrigation,None,Excellent,4316.1,2067.0
33.1,1283.0,25.8,BG 352,Rainfed,None,Average,4397.3,1198.4
100.7,930.0,31.5,Traditional,Partial Irrigation,Moderate,Good,4356.7,933.9
113.7,1699.0,31.3,BG 358,Partial Irrigation,Severe,Average,4153.7,1032.4
80.7,1973.0,31.0,BG 352,Full Irrigation,Moderate,Excellent,4397.3,1755.5
91.0,1486.0,24.3,BG 359,Full Irrigation,None,Poor,4275.5,1808.4
91.4,1114.0,26.6,BG 352,Partial Irrigation,Mild,Excellent,4194.3,1726.7
119.3,1275.0,32.4,BG 352,Partial Irrigation,None,Good,4275.5,1965.3
54.2,1563.0,30.0,BG 359,Full Irrigation,None,Excellent,4437.9,2503.4
36.3,1988.0,30.0,BG 359,Full Irrigation,Mild,Poor,4397.3,1247.6
71.9,1123.0,27.0,BG 359,Rainfed,Severe,Excellent,4397.3,987.8
73.3,1696.0,26.6,BG 359,Partial Irrigation,None,Excellent,4275.5,2324.0
37.8,1879.0,33.5,BG 352,Full Irrigation,None,Average,4397.3,1449.6
81.3,2117.0,31.3,BG 358,Rainfed,None,Good,4234.9,1402.2
21.4,1052.0,25.3,BG 358,Rainfed,None,Good,4356.7,1072.0
112.8,2104.0,33.4,BG 358,Full Irrigation,None,Poor,4316.1,1856.8
46.5,1682.0,29.8,BG 359,Full Irrigation,Moderate,Good,4194.3,1822.1
24.0,1897.0,27.3,BG 358,Partial Irrigation,None,Good,4194.3,1431.9
30.8,970.0,28.0,AT 362,Partial Irrigation,Mild,Poor,4113.1,827.2
44.0,1558.0,31.3,Traditional,Partial Irrigation,None,Average,4153.7,939.0
47.4,1709.0,27.8,AT 362,Partial Irrigation,None,Good,4234.9,1623.0
23.3,1299.0,29.8,BG 358,Full Irrigation,None,Excellent,4275.5,2385.2
47.9,1461.0,31.1,BG 359,Full Irrigation,None,Poor,4153.7,1438.4
39.3,1621.0,26.0,BG 359,Partial Irrigation,None,Excellent,4234.9,1847.6
57.9,1618.0,33.4,AT 362,Rainfed,Mild,Excellent,4316.1,1384.9
58.5,954.0,27.6,BG 358,Rainfed,Severe,Excellent,4194.3,830.8
53.9,1471.0,28.2,BG 352,Rainfed,None,Poor,4234.9,1195.8
52.8,1178.0,31.0,AT 362,Partial Irrigation,Mild,Good,4234.9,1097.6
29.0,2092.0,30.1,AT 362,Partial Irrigation,Moderate,Average,4275.5,862.3
22.5,2170.0,28.4,BG 352,Full Irrigation,None,Excellent,4234.9,1807.7
40.2,1290.0,30.5,AT 362,Full Irrigation,Moderate,Good,4356.7,1385.2
95.7,1128.0,33.0,BG 352,Partial Irrigation,Severe,Good,4194.3,824.6
119.1,1185.0,32.0,AT 362,Rainfed,Moderate,Poor,4234.9,816.1
112.9,1521.0,32.2,AT 362,Full Irrigation,Mild,Excellent,4234.9,2394.9
70.4,2037.0,26.6,BG 352,Full Irrigation,Mild,Average,4153.7,1495.3
73.2,1550.0,28.2,AT 362,Partial Irrigation,None,Poor,4356.7,1467.1
51.5,972.0,29.5,BG 352,Rainfed,Mild,Excellent,4194.3,1186.8
97.4,952.0,24.4,BG 358,Partial Irrigation,Severe,Excellent,4194.3,985.7
96.5,1196.0,31.7,AT 362,Partial Irrigation,None,Average,4397.3,1338.7
104.4,1996.0,27.2,BG 358,Full Irrigation,Mild,Good,4437.9,2453.9
109.6,1708.0,26.8,Traditional,Partial Irrigation,None,Good,4356.7,1805.7
63.4,1632.0,26.6,Traditional,Partial Irrigation,None,Average,4437.9,1371.9
96.7,1315.0,26.8,Traditional,Partial Irrigation,Mild,Good,4397.3,1522.1
100.6,2108.0,27.4,BG 352,Partial Irrigation,Mild,Excellent,4275.5,1913.2
50.8,1331.0,30.0,BG 352,Rainfed,Mild,Excellent,4356.7,1424.5
112.9,1985.0,29.8,BG 352,Rainfed,Moderate,Good,4194.3,1272.3
29.4,2065.0,26.6,BG 359,Full Irrigation,None,Average,4275.5,1686.6
119.4,1528.0,26.1,BG 359,Partial Irrigation,Moderate,Excellent,4275.5,2366.5
97.0,2063.0,32.3,AT 362,Full Irrigation,Mild,Excellent,4437.9,1913.0
29.3,1260.0,24.9,BG 358,Partial Irrigation,Moderate,Poor,4397.3,926.3
85.6,1756.0,29.1,BG 352,Full Irrigation,None,Average,4275.5,2209.0
23.4,1014.0,29.2,AT 362,Rainfed,None,Good,4316.1,1177.9
97.0,1516.0,29.7,AT 362,Rainfed,Moderate,Good,4153.7,1347.4
99.9,1183.0,32.9,AT 362,Partial Irrigation,None,Good,4397.3,1517.9
80.2,982.0,30.2,BG 358,Full Irrigation,None,Good,4275.5,1845.8
105.7,905.0,33.7,BG 359,Rainfed,Mild,Poor,4275.5,1046.4
29.8,1322.0,32.7,Traditional,Partial Irrigation,Mild,Poor,4356.7,772.0
47.6,1666.0,26.1,AT 362,Rainfed,Moderate,Excellent,4316.1,1238.9
61.4,1492.0,26.4,Traditional,Full Irrigation,Mild,Good,4113.1,1613.2
24.2,1292.0,27.4,BG 359,Partial Irrigation,Severe,Good,4194.3,980.2
64.8,2189.0,27.9,BG 352,Partial Irrigation,None,Average,4153.7,1516.4
46.5,2121.0,29.5,AT 362,Rainfed,Mild,Average,4356.7,1059.5
59.3,1063.0,26.3,BG 359,Rainfed,Moderate,Average,4113.1,980.5
62.5,1440.0,26.2,BG 352,Partial Irrigation,Mild,Good,4153.7,1719.2
107.9,1744.0,27.8,BG 352,Partial Irrigation,None,Good,4316.1,2460.9
47.0,1854.0,30.7,BG 358,Full Irrigation,None,Poor,4356.7,1378.5
109.4,1376.0,30.9,BG 352,Rainfed,Mild,Average,4275.5,1413.4
62.6,1870.0,33.8,AT 362,Rainfed,Mild,Excellent,4397.3,1236.5
52.8,1061.0,26.0,AT 362,Rainfed,None,Good,4437.9,1256.6
70.3,1331.0,27.9,BG 358,Rainfed,Mild,Excellent,4153.7,1839.8
61.8,1831.0,33.6,BG 352,Rainfed,Moderate,Good,4437.9,1068.7
45.7,1713.0,30.9,BG 352,Partial Irrigation,None,Average,4316.1,1362.8
70.3,1988.0,29.9,Traditional,Rainfed,Mild,Excellent,4316.1,1158.2
35.2,961.0,29.4,BG 358,Rainfed,Mild,Good,4113.1,1158.2
55.2,1127.0,24.8,BG 352,Full Irrigation,None,Poor,4316.1,1222.0
76.6,963.0,32.9,AT 362,Partial Irrigation,None,Average,4356.7,1151.8
61.3,1150.0,30.3,Traditional,Full Irrigation,None,Good,4316.1,1205.3
102.4,906.0,29.7,BG 352,Full Irrigation,Moderate,Average,4113.1,1381.3
45.7,1555.0,29.4,Traditional,Rainfed,None,Average,4275.5,1029.4
117.0,1587.0,27.9,AT 362,Partial Irrigation,None,Excellent,4437.9,2467.3
98.5,1755.0,26.5,BG 358,Full Irrigation,None,Average,4356.7,2558.7
116.8,1400.0,31.6,AT 362,Partial Irrigation,Moderate,Average,4153.7,1250.8
103.8,904.0,29.1,BG 359,Full Irrigation,Mild,Poor,4437.9,1703.3
34.2,1776.0,24.3,AT 362,Full Irrigation,None,Average,4437.9,1501.5
72.6,971.0,28.0,BG 352,Partial Irrigation,Moderate,Excellent,4153.7,1395.7
37.0,2026.0,33.3,BG 358,Rainfed,None,Average,4397.3,1142.3
101.8,929.0,27.7,AT 362,Partial Irrigation,None,Average,4234.9,1519.7
78.4,1590.0,28.1,Traditional,Full Irrigation,None,Good,4316.1,1871.8
46.3,2063.0,30.2,BG 352,Partial Irrigation,Mild,Excellent,4275.5,1279.9
113.0,1644.0,32.0,BG 358,Full Irrigation,Moderate,Excellent,4397.3,2303.6
31.5,1691.0,30.7,AT 362,Partial Irrigation,None,Average,4437.9,1243.4
76.4,1786.0,32.5,Traditional,Partial Irrigation,Mild,Poor,4397.3,951.4
92.1,1059.0,25.1,AT 362,Full Irrigation,Mild,Good,4437.9,1732.8
25.9,1777.0,33.2,AT 362,Rainfed,Moderate,Average,4437.9,851.3
79.8,2044.0,33.0,BG 358,Partial Irrigation,Moderate,Average,4113.1,1191.5
101.6,2166.0,29.2,BG 352,Rainfed,Mild,Poor,4194.3,1113.1
26.8,1476.0,30.2,AT 362,Partial Irrigation,None,Excellent,4356.7,1491.3
71.2,1348.0,26.1,AT 362,Full Irrigation,None,Poor,4316.1,1800.0
45.9,1879.0,28.5,BG 359,Full Irrigation,Severe,Average,4113.1,987.6
86.3,1606.0,26.0,BG 359,Rainfed,Mild,Average,4113.1,1559.1
31.9,1234.0,24.2,BG 358,Full Irrigation,None,Poor,4275.5,1540.1
113.7,1124.0,33.8,BG 359,Full Irrigation,Moderate,Excellent,4316.1,1947.9
109.5,1121.0,26.6,BG 358,Full Irrigation,Moderate,Good,4153.7,1843.0
38.6,1497.0,29.9,BG 359,Partial Irrigation,Mild,Good,4153.7,1672.1
52.3,1121.0,27.0,BG 352,Rainfed,Moderate,Poor,4153.7,767.6
78.8,926.0,27.7,AT 362,Partial Irrigation,None,Poor,4316.1,1200.3
91.8,968.0,28.0,BG 358,Full Irrigation,Mild,Poor,4113.1,1510.1
64.3,2109.0,27.4,AT 362,Partial Irrigation,Severe,Good,4316.1,927.5
35.6,995.0,30.4,BG 359,Partial Irrigation,None,Good,4275.5,1389.4
30.4,995.0,33.6,Traditional,Rainfed,None,Excellent,4275.5,860.7
120.0,1487.0,28.3,BG 358,Partial Irrigation,Mild,Excellent,4356.7,2748.4
65.5,1219.0,33.7,BG 358,Partial Irrigation,None,Average,4275.5,1659.9
107.3,2152.0,30.7,BG 358,Partial Irrigation,None,Poor,4356.7,1466.0
68.2,2084.0,30.1,AT 362,Full Irrigation,None,Poor,4356.7,1281.1
112.2,1426.0,26.4,BG 352,Rainfed,None,Excellent,4437.9,2454.2
28.8,1483.0,24.6,AT 362,Rainfed,None,Excellent,4397.3,1278.3
31.4,1388.0,32.5,Traditional,Full Irrigation,Moderate,Good,4275.5,1059.4
113.0,949.0,29.7,AT 362,Full Irrigation,Mild,Poor,4275.5,1407.3
114.7,1281.0,28.1,BG 352,Rainfed,Mild,Excellent,4194.3,1999.0
51.5,1059.0,32.1,BG 359,Full Irrigation,None,Excellent,4316.1,1879.7
55.5,1033.0,27.1,BG 359,Rainfed,None,Poor,4153.7,1047.8
65.2,1629.0,31.8,BG 358,Rainfed,None,Excellent,4437.9,1837.1
61.6,1028.0,27.3,BG 359,Rainfed,Moderate,Good,4397.3,1146.2
39.0,1034.0,33.2,AT 362,Partial Irrigation,Severe,Excellent,4153.7,686.5
109.8,1525.0,26.7,Traditional,Rainfed,None,Good,4397.3,1629.8
45.3,1475.0,25.4,BG 358,Rainfed,Severe,Poor,4153.7,550.6
90.5,1079.0,31.0,BG 358,Full Irrigation,None,Good,4356.7,1969.6
26.7,906.0,25.6,BG 358,Partial Irrigation,None,Poor,4113.1,931.2
23.9,1151.0,33.5,BG 359,Partial Irrigation,Mild,Average,4275.5,1030.1
85.4,1207.0,30.6,BG 359,Full Irrigation,None,Excellent,4316.1,2740.8
53.9,1940.0,26.3,AT 362,Rainfed,Moderate,Excellent,4356.7,1215.2
85.5,2090.0,26.1,BG 358,Full Irrigation,None,Average,4234.9,2052.8
29.4,1428.0,33.2,BG 358,Partial Irrigation,Mild,Average,4437.9,1300.3
115.0,1427.0,30.1,BG 352,Full Irrigation,None,Average,4356.7,2179.8
94.9,1826.0,32.9,BG 352,Full Irrigation,None,Poor,4153.7,1446.0
107.6,1715.0,25.1,BG 352,Rainfed,None,Good,4356.7,1863.1
33.6,1139.0,33.3,BG 358,Rainfed,Severe,Average,4356.7,517.8
52.0,1040.0,29.2,AT 362,Partial Irrigation,Mild,Poor,4234.9,917.5
56.8,1469.0,30.7,AT 362,Partial Irrigation,Mild,Good,4356.7,1393.8
73.7,1634.0,27.7,Traditional,Rainfed,None,Good,4437.9,1440.3
49.7,1080.0,24.6,BG 359,Rainfed,None,Good,4397.3,1238.0
26.1,1281.0,33.6,BG 359,Full Irrigation,None,Excellent,4356.7,2107.4
56.9,1298.0,33.9,Traditional,Full Irrigation,Moderate,Good,4316.1,1107.3
45.5,1240.0,27.6,BG 352,Rainfed,None,Good,4194.3,1511.2
58.6,1499.0,33.4,AT 362,Full Irrigation,None,Poor,4397.3,1511.8
39.7,1749.0,25.7,Traditional,Rainfed,Mild,Average,4234.9,804.9
46.2,1562.0,25.5,BG 359,Partial Irrigation,Mild,Average,4275.5,1401.4
82.7,1162.0,24.7,BG 358,Rainfed,None,Excellent,4194.3,1392.3
58.8,1034.0,27.9,AT 362,Partial Irrigation,None,Average,4194.3,1251.2
54.5,1968.0,24.5,Traditional,Rainfed,None,Good,4153.7,908.7
73.4,1523.0,27.9,BG 358,Rainfed,Mild,Good,4437.9,1732.9
97.2,981.0,25.4,BG 359,Rainfed,None,Poor,4153.7,1099.8
57.9,1236.0,31.3,BG 352,Rainfed,Mild,Excellent,4113.1,1437.1
78.8,1945.0,32.3,BG 358,Rainfed,None,Good,4437.9,1501.0
116.6,1877.0,30.9,AT 362,Partial Irrigation,Moderate,Poor,4275.5,1026.1
72.2,2039.0,26.0,BG 359,Full Irrigation,Severe,Poor,4234.9,945.7
111.0,1683.0,31.7,BG 352,Rainfed,None,Excellent,4356.7,2044.3
99.4,1450.0,26.5,BG 358,Full Irrigation,None,Average,4234.9,2752.8
25.9,1455.0,31.6,BG 352,Partial Irrigation,None,Poor,4153.7,990.3
62.9,1152.0,29.7,AT 362,Rainfed,Moderate,Good,4356.7,1056.8
89.8,1746.0,27.7,Traditional,Rainfed,None,Poor,4153.7,1058.1
118.7,1661.0,24.8,BG 352,Full Irrigation,Mild,Poor,4275.5,1655.4
65.8,1101.0,32.3,BG 358,Rainfed,None,Excellent,4437.9,1436.8
29.3,2051.0,33.4,Traditional,Partial Irrigation,None,Poor,4437.9,721.8
76.2,1379.0,30.7,Traditional,Rainfed,Mild,Excellent,4234.9,1148.1
32.7,965.0,33.6,AT 362,Full Irrigation,Mild,Good,4397.3,1290.7
95.2,1326.0,33.3,AT 362,Full Irrigation,Moderate,Average,4316.1,1519.8
70.8,2031.0,25.9,Traditional,Rainfed,Moderate,Average,4275.5,705.0
92.3,2092.0,31.3,BG 358,Rainfed,Mild,Average,4153.7,1129.8
106.9,1538.0,27.5,Traditional,Partial Irrigation,None,Good,4234.9,1638.8
82.9,2143.0,28.9,Traditional,Partial Irrigation,Moderate,Excellent,4316.1,1220.8
81.2,2038.0,25.6,BG 358,Partial Irrigation,Moderate,Average,4437.9,1257.8
95.5,1973.0,33.7,BG 352,Partial Irrigation,Moderate,Good,4113.1,1212.3
104.2,2018.0,31.3,BG 359,Rainfed,Severe,Good,4356.7,947.1
106.9,1396.0,26.7,AT 362,Rainfed,None,Poor,4397.3,1509.9
23.6,1883.0,27.7,Traditional,Partial Irrigation,Mild,Excellent,4437.9,1114.8
75.6,1651.0,28.2,BG 352,Full Irrigation,Mild,Excellent,4234.9,2365.2
41.6,1836.0,31.5,BG 358,Full Irrigation,None,Poor,4153.7,1321.7
106.0,1131.0,33.3,AT 362,Partial Irrigation,Mild,Average,4194.3,1304.8
84.8,1851.0,27.2,BG 352,Full Irrigation,None,Excellent,4397.3,2435.6
62.0,2145.0,28.7,AT 362,Partial Irrigation,None,Excellent,4397.3,1813.8
38.8,1293.0,29.9,BG 358,Partial Irrigation,None,Poor,4316.1,1475.3
53.9,2182.0,27.9,BG 352,Partial Irrigation,Mild,Excellent,4153.7,1608.4
90.4,1392.0,29.0,BG 358,Partial Irrigation,Mild,Average,4153.7,1708.2
40.4,1160.0,25.1,AT 362,Rainfed,None,Average,4275.5,915.7
29.4,1046.0,25.7,Traditional,Full Irrigation,None,Average,4316.1,917.7
108.8,1920.0,28.0,BG 352,Rainfed,Mild,Good,4113.1,1467.8
96.4,1621.0,33.1,BG 359,Rainfed,None,Poor,4356.7,1289.0
40.0,1299.0,27.5,BG 358,Partial Irrigation,None,Good,4275.5,1991.0
49.2,1691.0,26.5,AT 362,Rainfed,None,Poor,4113.1,1035.8
117.2,1332.0,31.4,AT 362,Rainfed,Moderate,Poor,4113.1,959.5
90.8,1483.0,33.5,Traditional,Partial Irrigation,None,Excellent,4275.5,1587.1
81.1,2021.0,28.6,BG 358,Rainfed,Mild,Average,4356.7,1415.7
50.8,1769.0,24.1,BG 358,Rainfed,Moderate,Excellent,4397.3,1333.6
49.9,1891.0,30.9,BG 358,Partial Irrigation,None,Good,4234.9,1529.3
24.0,1659.0,28.2,AT 362,Partial Irrigation,Moderate,Excellent,4194.3,1303.0
92.8,2189.0,30.7,BG 359,Full Irrigation,None,Poor,4437.9,1658.8
24.3,1214.0,26.8,BG 352,Rainfed,None,Excellent,4275.5,1489.1
20.5,1241.0,24.0,Traditional,Full Irrigation,None,Excellent,4194.3,1358.0
92.9,1020.0,27.4,BG 352,Partial Irrigation,Mild,Average,4234.9,1409.7
114.9,1620.0,31.0,Traditional,Partial Irrigation,Severe,Poor,4113.1,616.3
95.7,1697.0,27.9,BG 352,Full Irrigation,Mild,Poor,4194.3,1863.2
67.2,1844.0,26.2,BG 359,Rainfed,Mild,Good,4275.5,1534.1
68.6,1336.0,28.6,BG 358,Full Irrigation,None,Poor,4437.9,1934.2
63.6,916.0,31.5,AT 362,Rainfed,Severe,Poor,4356.7,428.3
52.5,1722.0,25.2,BG 359,Partial Irrigation,None,Good,4397.3,1781.8
72.2,2198.0,30.9,BG 358,Rainfed,None,Good,4275.5,1362.3
63.1,1283.0,30.7,BG 359,Partial Irrigation,Severe,Excellent,4113.1,1049.1
79.8,1139.0,27.7,Traditional,Full Irrigation,None,Excellent,4234.9,1669.2
109.8,1266.0,33.7,BG 358,Full Irrigation,None,Average,4437.9,2426.3
119.5,1453.0,32.9,BG 358,Full Irrigation,None,Average,4113.1,2488.2
27.9,1226.0,27.2,BG 352,Full Irrigation,None,Poor,4397.3,1563.2
58.5,1351.0,24.3,AT 362,Partial Irrigation,Moderate,Poor,4356.7,1003.5
38.1,1730.0,27.1,AT 362,Partial Irrigation,None,Average,4194.3,1471.0
55.2,1349.0,26.0,AT 362,Full Irrigation,Severe,Excellent,4397.3,1395.4
48.7,1415.0,29.5,BG 352,Rainfed,None,Excellent,4397.3,1749.4
37.5,952.0,33.2,AT 362,Full Irrigation,Mild,Excellent,4113.1,1309.5
96.4,2093.0,32.7,Traditional,Partial Irrigation,Mild,Average,4113.1,970.7
69.6,1429.0,27.1,Traditional,Partial Irrigation,Mild,Good,4316.1,1390.3
111.9,1327.0,28.3,Traditional,Partial Irrigation,None,Good,4437.9,1772.3
23.3,1012.0,24.4,BG 358,Full Irrigation,Mild,Poor,4113.1,946.3
26.7,1724.0,29.4,AT 362,Full Irrigation,Mild,Average,4316.1,1579.3
60.3,2023.0,24.6,BG 359,Rainfed,Moderate,Good,4153.7,1016.4
28.0,953.0,33.4,BG 359,Full Irrigation,None,Average,4316.1,1306.5
46.3,1089.0,32.7,BG 358,Full Irrigation,None,Average,4316.1,1419.7
118.6,1090.0,26.1,AT 362,Full Irrigation,Mild,Average,4113.1,1715.0
40.9,1683.0,31.0,Traditional,Full Irrigation,None,Poor,4356.7,1016.2
39.8,2098.0,29.7,AT 362,Full Irrigation,None,Excellent,4437.9,1991.1
77.4,1469.0,32.0,Traditional,Rainfed,Severe,Excellent,4397.3,737.1
69.8,1347.0,28.8,Traditional,Partial Irrigation,None,Excellent,4113.1,1611.5
78.0,1896.0,25.9,BG 352,Full Irrigation,None,Excellent,4194.3,1996.4
57.7,1865.0,30.4,Traditional,Full Irrigation,Mild,Average,4194.3,994.5
102.7,1221.0,24.8,Traditional,Partial Irrigation,None,Poor,4275.5,1072.4
33.9,1109.0,29.8,BG 359,Full Irrigation,None,Average,4153.7,1617.3
62.8,1365.0,26.1,AT 362,Full Irrigation,None,Excellent,4397.3,2599.7
89.0,1908.0,30.8,AT 362,Rainfed,None,Poor,4356.7,1034.0
106.8,1804.0,32.3,AT 362,Full Irrigation,None,Good,4397.3,2177.6
57.0,1766.0,25.1,Traditional,Partial Irrigation,Moderate,Poor,4153.7,745.5
76.8,1978.0,28.0,BG 352,Partial Irrigation,None,Average,4113.1,1493.6
26.9,1260.0,31.3,BG 352,Rainfed,None,Poor,4437.9,1016.9
37.0,1342.0,25.6,BG 358,Full Irrigation,Mild,Poor,4194.3,1312.1
26.9,955.0,29.7,BG 359,Rainfed,None,Poor,4316.1,990.2
92.8,2029.0,30.7,Traditional,Partial Irrigation,None,Good,4437.9,1337.5
48.8,1657.0,27.5,AT 362,Rainfed,None,Good,4113.1,1329.7
92.4,1288.0,32.3,BG 352,Full Irrigation,None,Average,4113.1,1874.9
26.6,990.0,29.1,AT 362,Partial Irrigation,None,Excellent,4113.1,1270.9
106.3,1840.0,30.3,BG 359,Rainfed,None,Average,4153.7,1321.1
103.6,1873.0,25.4,BG 358,Rainfed,Moderate,Good,4113.1,1257.5
28.9,1766.0,24.2,AT 362,Full Irrigation,Severe,Good,4397.3,1028.5
22.4,1165.0,24.5,BG 358,Rainfed,Moderate,Good,4316.1,831.9
25.6,2087.0,33.0,AT 362,Full Irrigation,None,Excellent,4437.9,1698.6
105.4,1879.0,32.8,BG 352,Rainfed,Mild,Excellent,4397.3,1652.2
43.5,1755.0,32.1,BG 358,Full Irrigation,Mild,Good,4437.9,1966.4
74.8,1746.0,26.0,BG 359,Partial Irrigation,None,Excellent,4194.3,2098.0
62.6,2076.0,29.3,AT 362,Rainfed,Severe,Good,4194.3,745.0
99.6,2107.0,32.0,Traditional,Full Irrigation,Mild,Average,4397.3,1321.6
68.9,1674.0,30.7,BG 358,Rainfed,None,Excellent,4194.3,1799.1
70.1,1442.0,25.2,Traditional,Full Irrigation,Severe,Poor,4113.1,633.5
118.9,1373.0,33.0,Traditional,Partial Irrigation,None,Average,4356.7,1428.6
35.0,1965.0,25.6,BG 358,Partial Irrigation,None,Poor,4397.3,1081.3
103.1,1738.0,25.7,BG 352,Rainfed,None,Excellent,4437.9,1813.5
25.2,1000.0,33.0,BG 358,Rainfed,None,Excellent,4437.9,1271.5
67.8,1085.0,28.8,AT 362,Rainfed,Severe,Excellent,4153.7,728.6
108.6,2070.0,27.7,AT 362,Full Irrigation,Mild,Poor,4356.7,1655.6
86.5,2050.0,29.5,AT 362,Rainfed,None,Average,4397.3,1427.7
88.5,2137.0,33.8,AT 362,Rainfed,Mild,Average,4356.7,1061.3
46.3,1456.0,25.2,BG 352,Rainfed,Moderate,Poor,4397.3,791.7
61.9,1919.0,31.6,BG 359,Full Irrigation,Moderate,Good,4397.3,1716.6
56.7,1977.0,27.3,Traditional,Full Irrigation,Severe,Poor,4275.5,611.6
72.1,1310.0,25.2,BG 358,Full Irrigation,Moderate,Good,4113.1,1644.6
66.2,1089.0,28.2,Traditional,Rainfed,Mild,Good,4275.5,980.1
52.7,2196.0,29.5,BG 352,Partial Irrigation,None,Good,4153.7,1535.5
50.5,939.0,26.1,Traditional,Full Irrigation,Moderate,Excellent,4153.7,1036.1
45.1,1677.0,28.1,AT 362,Rainfed,None,Excellent,4153.7,1599.8
56.5,1745.0,30.4,AT 362,Full Irrigation,None,Average,4356.7,1641.6
35.0,1786.0,29.8,AT 362,Rainfed,None,Good,4275.5,1428.4
107.2,1232.0,31.2,Traditional,Full Irrigation,None,Excellent,4275.5,1926.7
80.2,1838.0,32.4,BG 358,Partial Irrigation,Mild,Excellent,4356.7,1812.8
33.4,1181.0,28.1,BG 352,Full Irrigation,Moderate,Good,4275.5,1314.3
89.4,1978.0,28.2,Traditional,Partial Irrigation,None,Poor,4316.1,949.3
104.8,1185.0,29.0,BG 352,Full Irrigation,Mild,Average,4113.1,1764.5
43.8,1806.0,29.7,AT 362,Full Irrigation,None,Excellent,4397.3,2003.2
35.1,1918.0,25.1,BG 358,Rainfed,Mild,Poor,4275.5,884.2
20.9,1146.0,27.1,Traditional,Partial Irrigation,None,Good,4153.7,962.8
24.7,1209.0,25.7,Traditional,Partial Irrigation,None,Good,4397.3,1137.2
96.2,1913.0,27.9,BG 359,Partial Irrigation,Mild,Poor,4356.7,1436.9
118.7,1012.0,33.7,BG 359,Full Irrigation,None,Average,4113.1,1844.5
24.5,1148.0,29.8,BG 359,Rainfed,None,Excellent,4153.7,1333.2
94.8,1492.0,28.3,BG 359,Rainfed,None,Good,4113.1,1979.0
27.2,2109.0,29.7,Traditional,Partial Irrigation,None,Excellent,4194.3,1229.9
79.2,1630.0,30.7,BG 358,Full Irrigation,Mild,Average,4113.1,1832.9
95.6,1404.0,28.3,Traditional,Rainfed,None,Excellent,4356.7,1511.2
55.9,2172.0,28.5,AT 362,Partial Irrigation,None,Good,4275.5,1518.9
21.1,1503.0,31.0,Traditional,Full Irrigation,Moderate,Excellent,4437.9,1172.5
79.5,1464.0,24.6,AT 362,Partial Irrigation,Mild,Average,4356.7,1411.6
119.1,1435.0,29.4,Traditional,Partial Irrigation,None,Average,4316.1,1579.6
45.8,1306.0,29.5,BG 359,Partial Irrigation,Mild,Poor,4275.5,1411.2
38.9,1323.0,31.6,BG 359,Full Irrigation,None,Poor,4113.1,1399.1
32.4,1794.0,33.8,BG 358,Full Irrigation,None,Poor,4113.1,1259.5
75.5,953.0,32.0,BG 358,Partial Irrigation,Mild,Poor,4316.1,1037.6
79.6,1786.0,29.0,BG 352,Partial Irrigation,None,Average,4113.1,1774.7
99.2,1162.0,25.7,BG 358,Rainfed,None,Excellent,4113.1,1532.7
95.3,1399.0,29.9,Traditional,Partial Irrigation,Moderate,Average,4153.7,1032.3
109.3,1091.0,32.3,Traditional,Full Irrigation,Mild,Excellent,4397.3,1598.7
100.6,1619.0,33.3,AT 362,Partial Irrigation,Moderate,Excellent,4275.5,1598.2
44.7,1848.0,32.3,BG 358,Full Irrigation,Moderate,Excellent,4356.7,1586.9
75.6,1361.0,25.9,BG 359,Partial Irrigation,None,Good,4234.9,1979.2
49.7,1112.0,31.1,AT 362,Full Irrigation,Mild,Excellent,4153.7,1384.1
53.0,1194.0,32.8,BG 352,Full Irrigation,None,Average,4234.9,1407.3
113.2,1964.0,30.8,Traditional,Partial Irrigation,Mild,Good,4113.1,1235.2
88.2,1248.0,30.9,Traditional,Full Irrigation,None,Excellent,4356.7,1981.3
117.5,1907.0,29.0,Traditional,Full Irrigation,None,Poor,4153.7,1401.5
61.7,1331.0,30.4,BG 352,Rainfed,None,Poor,4234.9,1091.9
73.7,1145.0,26.9,Traditional,Rainfed,Mild,Poor,4437.9,700.2
68.7,1846.0,24.9,AT 362,Full Irrigation,None,Good,4316.1,1767.3
30.7,1509.0,32.3,BG 359,Partial Irrigation,Mild,Average,4275.5,1261.1
43.7,941.0,33.4,BG 352,Rainfed,Moderate,Average,4275.5,788.0
72.8,2148.0,32.6,BG 359,Full Irrigation,Mild,Excellent,4397.3,2227.4
26.7,1092.0,27.3,BG 358,Partial Irrigation,None,Poor,4194.3,1010.8
113.1,1359.0,24.9,Traditional,Rainfed,None,Poor,4316.1,990.1
32.4,1400.0,26.8,BG 358,Rainfed,Moderate,Average,4397.3,1128.7
39.8,1536.0,32.4,BG 358,Full Irrigation,Mild,Excellent,4316.1,2111.6
96.5,1921.0,30.6,Traditional,Full Irrigation,None,Good,4275.5,1434.6
29.7,908.0,33.7,BG 352,Partial Irrigation,Severe,Good,4153.7,578.0
110.0,2112.0,27.4,Traditional,Full Irrigation,None,Good,4194.3,1813.3
92.6,1740.0,29.5,Traditional,Rainfed,None,Average,4437.9,1158.3
26.9,2136.0,31.9,BG 358,Full Irrigation,None,Average,4275.5,1466.2
89.2,1963.0,26.3,AT 362,Rainfed,None,Excellent,4194.3,1697.6
83.2,2106.0,33.6,AT 362,Partial Irrigation,None,Good,4234.9,1591.6
95.7,1681.0,29.9,BG 359,Full Irrigation,Mild,Good,4316.1,2659.9
102.8,1365.0,24.1,AT 362,Partial Irrigation,None,Poor,4275.5,1400.1
91.8,1476.0,24.3,BG 352,Full Irrigation,Mild,Good,4356.7,2212.5
78.6,1755.0,32.8,BG 359,Partial Irrigation,Moderate,Average,4194.3,1275.5
52.2,1455.0,30.5,BG 359,Rainfed,Moderate,Average,4316.1,1106.7
89.7,1851.0,31.6,BG 359,Rainfed,None,Good,4234.9,1570.6
115.7,1019.0,31.8,Traditional,Rainfed,Mild,Average,4437.9,887.8
78.8,1979.0,28.2,Traditional,Rainfed,None,Good,4153.7,1147.1
86.4,1165.0,32.0,AT 362,Rainfed,Mild,Poor,4153.7,813.9
63.7,2127.0,33.4,BG 359,Full Irrigation,None,Poor,4275.5,1518.2
95.6,1102.0,25.7,BG 359,Rainfed,Mild,Good,4275.5,1342.7
119.8,1068.0,31.6,BG 352,Rainfed,None,Excellent,4356.7,1644.9
36.0,1955.0,27.1,BG 359,Full Irrigation,Mild,Excellent,4234.9,1957.7
40.2,1964.0,27.2,BG 358,Partial Irrigation,None,Average,4437.9,1465.1
73.9,1860.0,28.1,Traditional,Rainfed,None,Excellent,4275.5,1267.6
68.1,2149.0,32.6,AT 362,Full Irrigation,Mild,Average,4153.7,1324.8
77.2,1252.0,24.2,Traditional,Rainfed,None,Excellent,4153.7,1274.7
24.9,1975.0,28.3,Traditional,Full Irrigation,Mild,Average,4437.9,1121.3
60.4,1358.0,30.8,BG 359,Rainfed,Mild,Poor,4153.7,1024.1
78.3,1599.0,25.1,BG 359,Partial Irrigation,Mild,Poor,4437.9,1416.9
78.5,1479.0,31.9,AT 362,Partial Irrigation,Mild,Excellent,4194.3,1640.7
85.7,908.0,33.4,BG 359,Partial Irrigation,Mild,Good,4113.1,1370.0
92.0,1647.0,24.9,BG 358,Full Irrigation,Moderate,Poor,4194.3,1375.3
84.2,1872.0,25.5,AT 362,Partial Irrigation,None,Excellent,4316.1,1691.8
99.0,1127.0,33.7,BG 359,Partial Irrigation,Mild,Poor,4234.9,1196.8
82.5,2111.0,26.0,Traditional,Rainfed,Mild,Average,4397.3,871.3
73.8,1590.0,24.8,BG 358,Partial Irrigation,None,Good,4316.1,2004.0
80.6,1132.0,33.5,BG 359,Full Irrigation,None,Poor,4234.9,1384.2
30.1,1740.0,32.9,BG 359,Full Irrigation,None,Excellent,4316.1,2124.6
47.3,1149.0,30.6,Traditional,Partial Irrigation,Mild,Good,4437.9,981.8
72.7,983.0,29.5,BG 359,Partial Irrigation,None,Excellent,4234.9,1797.9
107.3,1791.0,33.2,BG 352,Partial Irrigation,Mild,Excellent,4153.7,1925.7
87.9,1044.0,30.6,BG 358,Full Irrigation,Mild,Excellent,4234.9,1888.7
29.0,1038.0,30.6,Traditional,Full Irrigation,Mild,Poor,4397.3,746.8
79.2,1862.0,32.4,BG 358,Partial Irrigation,None,Poor,4153.7,1212.5
42.2,972.0,30.5,BG 358,Full Irrigation,Mild,Poor,4437.9,1190.6
93.4,1953.0,29.0,BG 352,Rainfed,Mild,Poor,4316.1,1149.6
102.7,1935.0,27.9,AT 362,Full Irrigation,None,Good,4316.1,2180.6
79.3,1084.0,29.0,BG 352,Full Irrigation,None,Poor,4194.3,1442.6
79.1,1574.0,29.2,BG 358,Full Irrigation,None,Average,4437.9,2474.5
53.9,1026.0,27.6,AT 362,Partial Irrigation,Severe,Good,4113.1,783.8
64.6,1722.0,28.5,Traditional,Full Irrigation,None,Good,4194.3,1912.5
106.4,982.0,32.0,BG 358,Partial Irrigation,None,Average,4234.9,1567.9
92.3,2128.0,28.2,BG 358,Full Irrigation,None,Poor,4275.5,1773.7
72.0,1170.0,24.3,BG 352,Rainfed,None,Poor,4275.5,908.2
56.8,1788.0,26.8,BG 359,Partial Irrigation,None,Excellent,4153.7,2228.0
25.0,1067.0,26.3,Traditional,Partial Irrigation,Mild,Average,4194.3,774.2
34.3,1172.0,31.9,BG 358,Full Irrigation,None,Good,4113.1,1553.8
39.3,1486.0,28.5,BG 358,Full Irrigation,Moderate,Good,4316.1,1641.9
57.3,1645.0,26.8,BG 358,Full Irrigation,None,Average,4234.9,2210.5
114.4,2199.0,32.1,Traditional,Rainfed,None,Good,4316.1,1155.9
70.5,934.0,24.2,BG 359,Partial Irrigation,Mild,Average,4316.1,1268.3
43.5,900.0,25.7,AT 362,Rainfed,Mild,Average,4356.7,905.2
30.6,1355.0,32.3,AT 362,Full Irrigation,Moderate,Excellent,4275.5,1369.8
53.8,1376.0,29.5,AT 362,Rainfed,None,Average,4316.1,1376.9
101.6,2049.0,31.7,BG 359,Partial Irrigation,None,Good,4316.1,1975.8
58.3,2086.0,32.4,BG 359,Partial Irrigation,Mild,Good,4316.1,1501.4
97.3,2045.0,33.4,BG 359,Full Irrigation,None,Poor,4316.1,1581.6
100.3,1086.0,24.6,BG 352,Full Irrigation,Moderate,Good,4194.3,1548.4
31.1,1436.0,32.0,BG 359,Full Irrigation,None,Excellent,4194.3,2088.0
80.9,1870.0,31.1,Traditional,Partial Irrigation,None,Average,4397.3,1061.2
115.9,1306.0,26.1,BG 352,Rainfed,Mild,Excellent,4234.9,2009.1
60.2,1762.0,33.3,Traditional,Full Irrigation,Mild,Poor,4275.5,1023.0
25.1,1208.0,28.0,BG 359,Rainfed,Moderate,Poor,4153.7,832.8
112.3,1320.0,32.9,BG 358,Partial Irrigation,Moderate,Excellent,4234.9,1875.2
108.4,2019.0,30.1,BG 352,Partial Irrigation,None,Excellent,4275.5,1883.5
72.2,1226.0,29.3,AT 362,Partial Irrigation,Mild,Excellent,4316.1,1997.2
75.2,2154.0,25.6,BG 352,Full Irrigation,Severe,Good,4275.5,1062.3
41.2,1298.0,33.1,BG 359,Rainfed,None,Poor,4234.9,1147.0
101.9,931.0,29.6,BG 352,Partial Irrigation,None,Average,4437.9,1653.0
69.9,1231.0,24.1,Traditional,Rainfed,Moderate,Good,4275.5,853.6
23.4,1123.0,24.2,BG 352,Full Irrigation,None,Poor,4397.3,999.0
88.3,1559.0,31.8,Traditional,Full Irrigation,Moderate,Good,4356.7,1472.0
115.0,1047.0,25.6,BG 359,Partial Irrigation,None,Poor,4316.1,1409.7
102.9,1714.0,30.0,BG 352,Rainfed,Moderate,Poor,4397.3,1128.7
47.7,2037.0,30.8,AT 362,Rainfed,Mild,Poor,4153.7,808.4
25.3,1371.0,26.8,Traditional,Rainfed,Mild,Poor,4437.9,793.0
114.0,1119.0,29.7,BG 358,Partial Irrigation,Mild,Poor,4397.3,1363.5
113.7,1420.0,26.4,Traditional,Full Irrigation,None,Excellent,4275.5,2260.4
73.2,1922.0,33.5,AT 362,Rainfed,Mild,Excellent,4356.7,1295.8
84.2,1669.0,32.6,AT 362,Partial Irrigation,Moderate,Good,4275.5,1310.0
66.3,1031.0,26.9,BG 358,Partial Irrigation,Severe,Average,4194.3,814.3
62.0,1598.0,29.3,BG 352,Rainfed,Severe,Poor,4397.3,720.0
31.9,1509.0,29.0,BG 359,Partial Irrigation,Mild,Excellent,4194.3,1738.1
29.7,1325.0,33.6,Traditional,Full Irrigation,Mild,Excellent,4194.3,1327.5
43.3,1043.0,27.9,BG 359,Full Irrigation,Mild,Excellent,4275.5,2025.8
103.7,2175.0,29.6,AT 362,Partial Irrigation,Mild,Average,4397.3,1597.3
34.6,1129.0,33.3,AT 362,Rainfed,Mild,Poor,4234.9,670.1
42.7,1151.0,25.6,BG 358,Full Irrigation,None,Good,4275.5,1603.2
74.9,1089.0,29.5,BG 352,Rainfed,None,Average,4113.1,1245.6
41.5,1641.0,25.1,Traditional,Full Irrigation,Mild,Average,4153.7,1053.2
36.3,1477.0,30.2,AT 362,Full Irrigation,None,Average,4113.1,1485.8
76.3,1224.0,27.7,BG 359,Rainfed,None,Poor,4113.1,1388.8
56.8,1458.0,33.7,BG 359,Full Irrigation,None,Excellent,4397.3,2588.3
82.6,1776.0,28.2,Traditional,Rainfed,Moderate,Poor,4397.3,789.3
111.2,1266.0,25.4,AT 362,Partial Irrigation,Severe,Excellent,4397.3,1171.4
35.1,2090.0,32.3,AT 362,Rainfed,Mild,Excellent,4113.1,992.7
111.3,1298.0,32.2,AT 362,Rainfed,Severe,Poor,4113.1,665.9
110.2,1158.0,30.9,BG 358,Full Irrigation,Moderate,Good,4194.3,1615.2
102.9,2141.0,31.5,AT 362,Partial Irrigation,None,Poor,4316.1,1188.4
83.1,1954.0,26.6,Traditional,Partial Irrigation,None,Excellent,4234.9,1451.0
82.0,1346.0,30.4,BG 358,Partial Irrigation,None,Good,4275.5,2020.5
83.9,1994.0,24.4,BG 359,Full Irrigation,None,Poor,4153.7,1480.6
89.0,1574.0,26.0,AT 362,Full Irrigation,Mild,Excellent,4356.7,2125.4
21.6,1351.0,33.3,BG 359,Partial Irrigation,None,Excellent,4194.3,1721.4
115.8,1991.0,31.4,Traditional,Rainfed,Moderate,Excellent,4113.1,955.2
78.6,1878.0,26.3,BG 359,Rainfed,Mild,Average,4356.7,1473.2
98.1,1287.0,25.1,BG 358,Partial Irrigation,None,Excellent,4437.9,2347.1
57.7,1689.0,33.5,BG 352,Rainfed,Severe,Good,4113.1,758.9
21.2,1380.0,25.1,Traditional,Rainfed,Severe,Good,4234.9,499.2
71.0,901.0,26.6,AT 362,Rainfed,Mild,Average,4397.3,1170.8
70.7,2150.0,25.8,BG 359,Full Irrigation,Mild,Average,4356.7,1774.2
63.7,1615.0,24.1,BG 359,Partial Irrigation,Severe,Good,4397.3,1108.8
54.0,1678.0,27.1,BG 359,Full Irrigation,Mild,Good,4234.9,2214.0
45.0,1680.0,33.7,Traditional,Partial Irrigation,Moderate,Poor,4234.9,648.4
72.8,1616.0,27.4,AT 362,Partial Irrigation,None,Average,4356.7,1774.1
57.5,1277.0,29.0,Traditional,Full Irrigation,Mild,Poor,4153.7,1205.0
117.0,2163.0,31.5,Traditional,Full Irrigation,None,Average,4194.3,1491.3
37.3,1708.0,29.5,AT 362,Rainfed,None,Excellent,4316.1,1573.0
52.0,1772.0,31.4,BG 359,Rainfed,None,Good,4356.7,1614.4
49.4,1491.0,30.6,BG 358,Partial Irrigation,None,Poor,4153.7,1283.4
74.3,1274.0,30.1,AT 362,Rainfed,None,Good,4275.5,1466.4
69.9,984.0,30.5,AT 362,Rainfed,None,Poor,4234.9,857.4
84.4,1355.0,32.0,BG 359,Rainfed,None,Poor,4275.5,1304.8
115.0,1129.0,31.1,BG 352,Full Irrigation,Moderate,Excellent,4437.9,1731.1
48.5,1761.0,31.9,Traditional,Partial Irrigation,Mild,Poor,4113.1,763.9
89.3,2043.0,25.5,Traditional,Rainfed,Mild,Average,4437.9,871.6
22.5,1294.0,30.8,BG 358,Full Irrigation,None,Poor,4275.5,1283.1
46.2,1333.0,31.4,BG 359,Partial Irrigation,Moderate,Good,4356.7,1390.5
66.4,1771.0,27.0,BG 352,Full Irrigation,None,Good,4234.9,2359.3
23.1,1094.0,32.7,Traditional,Rainfed,None,Excellent,4194.3,821.7
81.8,2108.0,27.0,BG 358,Full Irrigation,None,Excellent,4356.7,2805.3
87.8,1373.0,26.4,BG 358,Rainfed,Moderate,Good,4356.7,1671.6
94.7,1032.0,32.7,BG 359,Partial Irrigation,Severe,Average,4153.7,849.2
71.7,1127.0,26.5,BG 358,Partial Irrigation,Mild,Poor,4356.7,1185.2
80.4,2113.0,28.2,AT 362,Rainfed,Mild,Excellent,4356.7,1445.1
59.6,1221.0,27.7,Traditional,Partial Irrigation,None,Good,4234.9,1476.9
24.1,1761.0,33.0,Traditional,Rainfed,Mild,Poor,4437.9,689.5
30.0,1103.0,28.6,BG 359,Partial Irrigation,None,Good,4316.1,1604.1
85.5,1152.0,30.9,BG 352,Full Irrigation,None,Average,4234.9,1615.3
119.6,2043.0,31.9,Traditional,Rainfed,Severe,Average,4113.1,508.6
21.6,1092.0,30.3,BG 358,Partial Irrigation,Severe,Average,4356.7,616.2
75.8,924.0,33.4,Traditional,Full Irrigation,None,Excellent,4153.7,1425.7
95.1,1552.0,32.0,BG 358,Rainfed,None,Poor,4356.7,1420.8
102.7,2022.0,28.0,BG 359,Rainfed,None,Excellent,4275.5,2173.0
74.5,1324.0,33.5,BG 359,Rainfed,None,Poor,4275.5,1296.8
82.0,1067.0,29.2,BG 359,Partial Irrigation,None,Poor,4153.7,1311.5
89.7,2177.0,24.2,BG 352,Rainfed,Mild,Good,4356.7,1281.4
105.9,1780.0,26.6,BG 359,Full Irrigation,None,Poor,4153.7,2238.4
32.2,2006.0,30.2,BG 359,Rainfed,None,Excellent,4234.9,1293.3
112.6,1878.0,25.6,Traditional,Partial Irrigation,None,Good,4397.3,1464.0
22.6,1808.0,29.8,BG 359,Rainfed,Mild,Average,4437.9,1055.4
103.6,1400.0,27.6,Traditional,Rainfed,None,Average,4437.9,1371.5
27.7,1322.0,29.3,BG 358,Rainfed,None,Excellent,4437.9,1778.8
39.5,1832.0,24.0,BG 358,Partial Irrigation,Mild,Excellent,4316.1,1460.8
20.4,1832.0,32.5,BG 352,Rainfed,Mild,Good,4153.7,911.8
64.5,2136.0,27.6,AT 362,Rainfed,None,Poor,4397.3,982.4
53.4,1639.0,25.4,BG 352,Partial Irrigation,Mild,Good,4397.3,1511.1
36.6,1283.0,28.4,BG 358,Partial Irrigation,None,Poor,4437.9,1409.2
65.1,1536.0,28.9,Traditional,Rainfed,Mild,Average,4316.1,1083.1
60.2,1698.0,30.4,AT 362,Partial Irrigation,None,Good,4153.7,1501.3
96.8,1455.0,29.2,BG 359,Partial Irrigation,Moderate,Average,4275.5,1701.2
109.3,1928.0,24.4,Traditional,Full Irrigation,Severe,Excellent,4275.5,916.7
85.3,1660.0,32.7,AT 362,Partial Irrigation,Mild,Excellent,4397.3,1856.0
32.4,912.0,28.6,Traditional,Full Irrigation,Moderate,Poor,4234.9,650.8
49.5,1641.0,24.8,AT 362,Rainfed,None,Excellent,4194.3,1528.4
111.3,1724.0,31.7,BG 359,Rainfed,Mild,Excellent,4113.1,1859.2
28.9,2090.0,30.6,BG 352,Partial Irrigation,None,Poor,4397.3,865.6
60.7,1438.0,30.5,BG 358,Rainfed,None,Average,4356.7,1365.4
114.3,1647.0,28.3,AT 362,Full Irrigation,None,Excellent,4113.1,2745.6
115.1,1517.0,28.1,BG 358,Partial Irrigation,Mild,Poor,4234.9,1675.6
61.1,1591.0,29.4,AT 362,Partial Irrigation,Mild,Poor,4275.5,1230.5
86.7,987.0,24.5,BG 352,Partial Irrigation,Moderate,Good,4275.5,1146.1
65.7,2066.0,27.0,BG 352,Rainfed,Mild,Excellent,4437.9,1500.1
95.3,2084.0,33.9,BG 358,Partial Irrigation,Moderate,Average,4153.7,1157.7
23.2,1612.0,30.6,BG 358,Full Irrigation,Moderate,Excellent,4194.3,1603.2
34.4,1624.0,28.2,Traditional,Partial Irrigation,Moderate,Good,4153.7,1021.7
81.4,975.0,26.2,BG 358,Partial Irrigation,None,Poor,4194.3,1315.1
43.3,1677.0,31.5,BG 359,Partial Irrigation,None,Average,4437.9,1566.2
86.6,1458.0,26.6,BG 359,Partial Irrigation,Mild,Good,4437.9,2139.4
55.1,1822.0,25.6,BG 358,Full Irrigation,Severe,Average,4113.1,878.7
108.7,961.0,25.5,Traditional,Full Irrigation,None,Poor,4316.1,1119.1
101.9,1824.0,31.3,AT 362,Partial Irrigation,None,Poor,4194.3,1181.5
69.3,1273.0,30.4,BG 352,Full Irrigation,None,Good,4153.7,2081.7
97.3,1747.0,24.7,BG 358,Rainfed,None,Excellent,4194.3,1960.6
47.1,1715.0,25.2,BG 352,Rainfed,Moderate,Average,4153.7,874.9
69.4,1195.0,30.3,BG 358,Rainfed,None,Excellent,4275.5,1506.1
39.7,1473.0,29.7,AT 362,Full Irrigation,None,Good,4437.9,2080.9
106.1,1986.0,30.9,Traditional,Partial Irrigation,Mild,Average,4316.1,1145.5
102.3,1687.0,25.8,BG 359,Partial Irrigation,None,Good,4356.7,2249.1
110.2,989.0,31.3,BG 352,Rainfed,None,Average,4275.5,1345.1
107.7,1476.0,33.4,BG 352,Partial Irrigation,Mild,Excellent,4113.1,2036.4
116.0,1305.0,30.0,BG 359,Rainfed,None,Excellent,4113.1,2083.3
42.8,1734.0,26.0,BG 358,Partial Irrigation,Severe,Excellent,4194.3,963.0
113.2,1699.0,30.8,BG 359,Partial Irrigation,Mild,Poor,4194.3,1464.8
77.1,914.0,27.4,BG 352,Full Irrigation,Severe,Poor,4397.3,862.6
62.2,1690.0,24.5,BG 358,Full Irrigation,None,Excellent,4397.3,2501.9
76.0,1855.0,27.0,BG 359,Rainfed,Mild,Excellent,4397.3,1720.1
54.3,1899.0,33.1,BG 358,Full Irrigation,Mild,Good,4316.1,1800.1
48.9,977.0,28.1,BG 358,Partial Irrigation,Mild,Poor,4316.1,1102.8
44.1,1295.0,32.6,BG 358,Partial Irrigation,None,Excellent,4316.1,1928.9
28.2,1448.0,29.1,BG 352,Partial Irrigation,None,Average,4234.9,1394.8
69.7,1134.0,29.2,BG 358,Rainfed,None,Average,4356.7,1404.9
108.8,1447.0,24.1,BG 358,Rainfed,Moderate,Average,4397.3,1354.4
83.0,992.0,30.4,Traditional,Partial Irrigation,Moderate,Average,4356.7,817.8
72.1,1047.0,25.1,Traditional,Full Irrigation,None,Average,4316.1,1195.0
62.9,1769.0,28.8,BG 359,Partial Irrigation,Mild,Average,4113.1,1658.1
66.4,1241.0,26.6,BG 358,Partial Irrigation,Mild,Good,4356.7,1982.8
40.9,1825.0,27.9,BG 359,Full Irrigation,Mild,Poor,4234.9,1491.1
102.3,963.0,29.4,AT 362,Full Irrigation,None,Average,4356.7,1862.5
39.8,1632.0,24.1,BG 358,Partial Irrigation,Moderate,Poor,4275.5,987.6
91.7,1409.0,26.8,AT 362,Rainfed,Mild,Good,4397.3,1660.4
96.0,1936.0,33.9,Traditional,Full Irrigation,Mild,Excellent,4234.9,1414.2
77.5,1919.0,24.6,BG 359,Full Irrigation,Mild,Excellent,4437.9,2083.4
106.3,1388.0,27.2,BG 352,Full Irrigation,Mild,Poor,4397.3,1974.7
49.1,1710.0,27.2,BG 352,Full Irrigation,None,Good,4194.3,2237.5
108.2,1196.0,27.8,Traditional,Partial Irrigation,Moderate,Poor,4275.5,821.9
92.9,1655.0,30.8,BG 359,Rainfed,None,Average,4275.5,1666.4
99.9,1006.0,26.5,BG 358,Rainfed,Moderate,Average,4356.7,1199.7
86.5,1465.0,28.6,AT 362,Full Irrigation,Moderate,Good,4356.7,1887.9
104.6,1138.0,30.4,Traditional,Partial Irrigation,Mild,Average,4397.3,1029.3
119.3,2048.0,27.2,BG 359,Partial Irrigation,Mild,Good,4234.9,2117.2
62.0,1478.0,33.5,BG 358,Partial Irrigation,None,Good,4275.5,1785.0
101.4,1668.0,33.8,Traditional,Full Irrigation,None,Excellent,4234.9,1969.1
94.5,1368.0,25.2,BG 352,Partial Irrigation,Mild,Poor,4437.9,1361.4
65.3,1275.0,27.4,Traditional,Rainfed,None,Excellent,4194.3,1328.6
112.7,1164.0,26.1,BG 359,Full Irrigation,None,Excellent,4316.1,2764.0
59.4,2085.0,25.9,BG 352,Partial Irrigation,Severe,Good,4153.7,827.9
76.5,1939.0,28.9,BG 358,Rainfed,None,Excellent,4397.3,1987.7
30.6,1073.0,29.6,AT 362,Rainfed,None,Poor,4234.9,826.7
42.6,1871.0,28.3,AT 362,Partial Irrigation,None,Poor,4234.9,1089.9
104.1,1444.0,26.7,BG 352,Full Irrigation,Mild,Poor,4316.1,1784.0
59.7,920.0,26.8,AT 362,Rainfed,None,Excellent,4275.5,1486.1
59.4,1587.0,33.9,Traditional,Rainfed,Mild,Average,4397.3,939.1
44.6,1069.0,33.2,AT 362,Rainfed,None,Average,4275.5,944.3
69.2,1173.0,24.8,AT 362,Rainfed,None,Good,4275.5,1050.9
100.6,1805.0,30.6,BG 352,Partial Irrigation,None,Average,4113.1,1456.5
109.5,1234.0,28.6,AT 362,Rainfed,None,Good,4113.1,1817.7
27.0,2059.0,30.9,AT 362,Full Irrigation,Moderate,Excellent,4234.9,1264.4
77.5,1754.0,30.0,BG 352,Partial Irrigation,None,Average,4437.9,1846.7
66.7,1982.0,32.9,BG 358,Partial Irrigation,None,Excellent,4437.9,1833.7
81.4,1700.0,24.7,Traditional,Rainfed,None,Good,4316.1,1223.8
64.7,2030.0,27.5,Traditional,Rainfed,None,Average,4316.1,955.6
59.9,1370.0,33.9,BG 352,Partial Irrigation,None,Excellent,4234.9,1772.8
67.2,1614.0,25.8,AT 362,Rainfed,None,Average,4153.7,1220.1
78.2,1571.0,25.3,BG 359,Partial Irrigation,Severe,Poor,4113.1,819.8
70.1,2075.0,31.3,BG 359,Partial Irrigation,None,Average,4234.9,1515.5
67.2,1114.0,31.8,BG 359,Partial Irrigation,Mild,Excellent,4194.3,1582.6
101.8,1651.0,30.7,Traditional,Partial Irrigation,Mild,Good,4153.7,1323.7
94.6,1881.0,31.8,BG 359,Full Irrigation,None,Good,4194.3,2328.0
54.1,1381.0,30.9,BG 359,Full Irrigation,Mild,Good,4113.1,1794.4
100.1,2028.0,25.4,AT 362,Rainfed,Moderate,Poor,4316.1,886.7
105.4,1385.0,30.1,BG 359,Partial Irrigation,Mild,Poor,4437.9,1685.7
35.3,1125.0,31.8,Traditional,Full Irrigation,Severe,Average,4356.7,555.4
78.3,1659.0,32.7,BG 358,Full Irrigation,Mild,Excellent,4275.5,2451.4
48.5,1447.0,26.5,Traditional,Rainfed,None,Poor,4234.9,867.0
93.9,920.0,25.3,AT 362,Full Irrigation,Moderate,Good,4194.3,1352.5
43.9,991.0,31.8,Traditional,Full Irrigation,None,Excellent,4153.7,1191.0
87.1,1154.0,26.6,BG 358,Partial Irrigation,Mild,Poor,4316.1,1282.8
45.5,1900.0,24.3,BG 359,Full Irrigation,Mild,Poor,4316.1,1293.4
71.1,2060.0,32.3,BG 352,Partial Irrigation,Moderate,Excellent,4113.1,1282.1
114.9,1609.0,29.1,Traditional,Full Irrigation,Moderate,Poor,4234.9,1323.0
58.1,1037.0,27.3,Traditional,Full Irrigation,None,Good,4194.3,1379.0
107.6,1595.0,24.1,BG 358,Full Irrigation,Mild,Excellent,4153.7,2413.5
118.7,2012.0,24.4,BG 352,Full Irrigation,None,Average,4356.7,2115.5
107.5,1874.0,31.9,AT 362,Full Irrigation,Mild,Average,4275.5,1558.6
36.6,1278.0,28.9,AT 362,Partial Irrigation,Mild,Good,4316.1,1494.5
102.0,1061.0,25.5,BG 359,Partial Irrigation,None,Good,4356.7,1807.8
23.2,2071.0,27.6,BG 352,Partial Irrigation,Moderate,Excellent,4437.9,1281.0
59.3,2010.0,25.7,Traditional,Full Irrigation,None,Good,4397.3,1289.6
107.1,970.0,25.1,BG 359,Partial Irrigation,None,Excellent,4316.1,1912.0
88.9,1971.0,26.8,AT 362,Rainfed,Severe,Poor,4397.3,609.2
73.3,1026.0,29.5,Traditional,Full Irrigation,Mild,Average,4275.5,1235.0
58.8,982.0,26.1,BG 359,Full Irrigation,Mild,Poor,4437.9,1525.5
101.2,1886.0,27.4,BG 352,Full Irrigation,None,Good,4356.7,2312.7
91.0,1597.0,28.8,Traditional,Rainfed,None,Poor,4316.1,1091.1
66.8,1439.0,28.2,AT 362,Full Irrigation,None,Excellent,4437.9,2671.2
109.2,2075.0,25.3,Traditional,Full Irrigation,None,Excellent,4275.5,1710.9
43.0,1991.0,24.4,AT 362,Rainfed,None,Excellent,4356.7,1148.0
37.0,975.0,24.4,Traditional,Rainfed,None,Excellent,4194.3,815.7
84.3,1701.0,27.5,Traditional,Rainfed,Mild,Poor,4437.9,945.1
117.2,1904.0,31.2,BG 358,Full Irrigation,None,Good,4316.1,2550.4
44.7,1616.0,25.3,BG 352,Full Irrigation,Mild,Good,4397.3,1790.7
45.0,2178.0,31.9,BG 352,Partial Irrigation,Moderate,Good,4275.5,1031.4
33.9,1792.0,31.2,AT 362,Partial Irrigation,None,Excellent,4397.3,1605.9
106.1,1035.0,24.0,BG 358,Partial Irrigation,Mild,Good,4113.1,1467.0
42.6,1158.0,24.3,BG 359,Full Irrigation,None,Poor,4153.7,1232.1
70.3,1974.0,26.0,AT 362,Rainfed,None,Excellent,4275.5,1319.8
119.1,2196.0,24.6,BG 359,Rainfed,Mild,Average,4356.7,1386.4
21.2,1028.0,29.3,BG 352,Rainfed,None,Average,4397.3,1032.8
75.6,1030.0,24.4,BG 358,Full Irrigation,None,Good,4234.9,2004.4
71.2,1892.0,32.0,BG 352,Partial Irrigation,Moderate,Excellent,4316.1,1440.1
100.7,984.0,28.9,BG 358,Full Irrigation,None,Good,4275.5,2278.0
55.5,989.0,31.3,AT 362,Full Irrigation,Mild,Poor,4437.9,1058.3
61.0,2055.0,31.5,BG 359,Rainfed,Mild,Good,4316.1,1328.6
36.8,1941.0,29.1,AT 362,Full Irrigation,None,Good,4234.9,1811.8
94.1,2046.0,33.3,BG 352,Rainfed,Mild,Poor,4437.9,936.2
98.5,1746.0,33.9,AT 362,Full Irrigation,None,Good,4113.1,2161.0
33.7,1319.0,27.6,BG 359,Full Irrigation,None,Excellent,4437.9,2530.9
59.3,2078.0,25.3,BG 358,Full Irrigation,Severe,Excellent,4153.7,1032.7
109.3,1288.0,27.6,AT 362,Rainfed,None,Average,4194.3,1549.9
20.3,1258.0,26.2,BG 352,Full Irrigation,Mild,Good,4397.3,1793.4
49.9,2052.0,29.3,BG 359,Full Irrigation,None,Excellent,4356.7,2394.3
75.5,1785.0,27.8,BG 359,Rainfed,None,Good,4437.9,2095.6
53.4,2064.0,28.8,BG 352,Partial Irrigation,Mild,Average,4356.7,1368.2
47.2,1103.0,31.6,Traditional,Full Irrigation,Mild,Poor,4316.1,833.4
66.0,2138.0,26.7,BG 358,Partial Irrigation,None,Poor,4234.9,1367.8
38.2,1697.0,29.4,BG 352,Partial Irrigation,Mild,Good,4113.1,1501.0
73.0,1768.0,27.4,BG 359,Rainfed,None,Excellent,4153.7,2024.5
90.7,2088.0,31.8,Traditional,Partial Irrigation,None,Good,4194.3,1253.6
77.5,1395.0,30.4,AT 362,Full Irrigation,Mild,Excellent,4113.1,2084.5
29.3,1835.0,24.1,AT 362,Partial Irrigation,Mild,Good,4275.5,1113.8
104.4,1732.0,30.6,Traditional,Full Irrigation,None,Average,4356.7,1557.8
37.5,1924.0,25.7,BG 352,Full Irrigation,Mild,Good,4437.9,1560.5
96.5,2066.0,31.2,BG 359,Full Irrigation,None,Average,4275.5,2021.3
56.1,1784.0,29.7,BG 358,Partial Irrigation,Severe,Poor,4397.3,896.7
98.3,988.0,28.0,AT 362,Full Irrigation,Moderate,Good,4437.9,1632.3
40.6,1138.0,30.9,Traditional,Rainfed,None,Good,4397.3,809.0
38.7,2140.0,32.6,BG 352,Partial Irrigation,None,Excellent,4275.5,1507.5
69.7,2159.0,31.8,BG 352,Rainfed,Severe,Poor,4194.3,519.0
23.3,2158.0,29.5,Traditional,Full Irrigation,Moderate,Average,4437.9,904.7
42.5,948.0,31.2,BG 359,Full Irrigation,None,Poor,4194.3,1279.5
92.4,1397.0,28.1,BG 358,Partial Irrigation,None,Excellent,4234.9,2407.2
103.7,1888.0,31.9,BG 352,Partial Irrigation,None,Excellent,4113.1,1976.8
28.1,1879.0,32.3,BG 358,Partial Irrigation,Moderate,Average,4397.3,947.4
108.2,1012.0,25.4,BG 352,Full Irrigation,Moderate,Excellent,4316.1,1757.3
99.8,1692.0,26.4,BG 358,Rainfed,Moderate,Good,4113.1,1558.6
107.0,1086.0,26.7,BG 352,Full Irrigation,None,Average,4153.7,1943.3
89.8,1541.0,25.7,BG 352,Rainfed,Moderate,Average,4275.5,1105.3
87.4,1212.0,27.9,Traditional,Rainfed,None,Good,4275.5,1432.3
72.5,969.0,25.9,AT 362,Full Irrigation,None,Poor,4397.3,1234.4
85.3,1004.0,30.0,Traditional,Full Irrigation,None,Poor,4194.3,1107.4
111.9,2084.0,25.0,BG 358,Partial Irrigation,None,Excellent,4437.9,2348.6
30.1,1868.0,26.7,BG 358,Partial Irrigation,Mild,Poor,4275.5,1084.9
51.6,2111.0,30.7,BG 358,Full Irrigation,None,Poor,4397.3,1374.5
27.2,1511.0,28.0,BG 359,Full Irrigation,None,Excellent,4194.3,2225.1
114.5,1437.0,28.2,BG 352,Full Irrigation,Moderate,Excellent,4113.1,2512.4
64.5,1366.0,32.0,BG 358,Full Irrigation,None,Excellent,4113.1,2296.9
87.5,1701.0,33.8,Traditional,Partial Irrigation,None,Poor,4234.9,1113.9
104.1,1357.0,29.7,BG 358,Rainfed,None,Excellent,4437.9,2441.1
119.1,1870.0,24.8,AT 362,Rainfed,None,Average,4113.1,1278.4
36.2,1942.0,25.0,BG 358,Partial Irrigation,None,Poor,4234.9,1056.3
100.0,2039.0,33.7,Traditional,Partial Irrigation,Mild,Excellent,4113.1,1353.7
108.7,1216.0,30.8,AT 362,Full Irrigation,None,Average,4437.9,1933.4
24.9,1585.0,31.5,Traditional,Rainfed,None,Good,4356.7,952.8
95.4,1190.0,30.8,BG 359,Full Irrigation,Moderate,Poor,4356.7,1208.8
55.5,949.0,25.8,Traditional,Full Irrigation,None,Poor,4356.7,905.3
84.9,1820.0,28.5,BG 358,Full Irrigation,Mild,Excellent,4316.1,2477.5
71.4,1614.0,32.0,BG 359,Partial Irrigation,None,Good,4356.7,1948.8
46.0,1841.0,32.7,BG 352,Rainfed,Moderate,Excellent,4113.1,986.8
33.5,1014.0,26.4,BG 352,Partial Irrigation,None,Poor,4397.3,1052.4
31.7,2194.0,30.0,AT 362,Partial Irrigation,Mild,Excellent,4356.7,1368.0
30.3,2193.0,25.6,BG 358,Partial Irrigation,Mild,Excellent,4356.7,1446.7
83.8,1504.0,33.6,BG 352,Partial Irrigation,Mild,Excellent,4234.9,1888.3
55.1,2026.0,26.5,BG 358,Partial Irrigation,Moderate,Poor,4397.3,1034.8
41.7,1217.0,31.3,BG 358,Partial Irrigation,None,Poor,4234.9,1319.5
89.2,1859.0,26.3,AT 362,Rainfed,None,Good,4113.1,1567.9
88.7,2043.0,30.2,BG 352,Partial Irrigation,Moderate,Poor,4437.9,1020.2
73.9,1959.0,30.6,BG 352,Rainfed,Moderate,Poor,4194.3,786.1
113.5,1955.0,27.3,AT 362,Partial Irrigation,None,Excellent,4113.1,2056.6
58.5,1502.0,32.2,BG 352,Partial Irrigation,Mild,Good,4316.1,1619.3
103.6,1966.0,32.9,BG 359,Full Irrigation,Mild,Excellent,4194.3,2423.9
27.5,1798.0,32.6,AT 362,Full Irrigation,Mild,Excellent,4397.3,1780.2
94.0,1072.0,27.3,BG 359,Partial Irrigation,Moderate,Poor,4234.9,1091.5
118.8,1048.0,31.4,BG 352,Rainfed,Moderate,Excellent,4113.1,1194.8
104.7,1903.0,29.6,AT 362,Full Irrigation,None,Poor,4437.9,1804.7
78.0,1713.0,29.9,BG 352,Rainfed,Mild,Average,4275.5,1489.8
82.7,1575.0,28.8,BG 358,Rainfed,None,Average,4194.3,1685.1
55.3,2079.0,30.0,BG 352,Rainfed,None,Poor,4356.7,917.7
87.9,1757.0,25.4,BG 359,Full Irrigation,Moderate,Good,4275.5,2068.6
97.0,1415.0,28.1,AT 362,Partial Irrigation,Mild,Poor,4113.1,1321.1
119.8,1438.0,25.8,AT 362,Rainfed,None,Excellent,4356.7,1841.2
69.2,1687.0,26.8,BG 352,Rainfed,Mild,Excellent,4234.9,1622.6
26.1,1888.0,25.3,BG 358,Partial Irrigation,None,Good,4356.7,1336.9
79.6,1634.0,26.1,BG 352,Full Irrigation,None,Poor,4437.9,2029.2
31.9,1561.0,31.8,BG 358,Partial Irrigation,Mild,Good,4316.1,1561.8
44.5,1845.0,29.5,BG 358,Rainfed,Mild,Good,4356.7,1371.0
52.9,1817.0,24.2,AT 362,Partial Irrigation,None,Average,4194.3,1192.4
93.1,1979.0,31.9,AT 362,Partial Irrigation,None,Average,4194.3,1370.6
38.4,981.0,33.1,Traditional,Rainfed,Mild,Average,4234.9,610.7
36.6,1881.0,32.8,BG 358,Rainfed,None,Excellent,4397.3,1512.8
24.5,1568.0,32.2,BG 352,Rainfed,Moderate,Poor,4275.5,752.1
107.3,997.0,33.9,BG 352,Partial Irrigation,None,Good,4234.9,1633.2
89.4,1783.0,29.9,Traditional,Rainfed,Moderate,Average,4397.3,950.6
24.0,1832.0,33.6,Traditional,Rainfed,None,Good,4397.3,824.4
22.8,1581.0,33.5,BG 358,Rainfed,None,Poor,4437.9,988.0
75.9,1932.0,27.1,Traditional,Full Irrigation,None,Excellent,4194.3,1752.0
48.3,1290.0,32.6,BG 359,Partial Irrigation,Mild,Average,4356.7,1465.2
79.7,1162.0,31.9,BG 352,Full Irrigation,Severe,Excellent,4316.1,1064.3
63.5,1356.0,31.8,BG 358,Partial Irrigation,None,Poor,4275.5,1282.2
112.3,1433.0,33.0,BG 358,Rainfed,None,Good,4234.9,2047.7
48.8,1805.0,27.8,AT 362,Rainfed,None,Good,4153.7,1289.6
87.9,1999.0,28.0,BG 352,Full Irrigation,Mild,Excellent,4194.3,2282.5
25.4,1837.0,30.4,BG 352,Partial Irrigation,None,Poor,4275.5,916.1
115.6,1126.0,31.4,AT 362,Rainfed,Moderate,Good,4397.3,1031.5
118.1,1376.0,32.8,BG 358,Partial Irrigation,None,Poor,4397.3,1708.6
93.9,1106.0,32.8,BG 358,Partial Irrigation,Mild,Average,4153.7,1299.0
66.5,1793.0,31.2,Traditional,Rainfed,Moderate,Poor,4356.7,675.4
42.0,1223.0,33.6,Traditional,Full Irrigation,None,Poor,4113.1,1040.3
101.3,1583.0,25.8,BG 359,Rainfed,None,Excellent,4356.7,2141.8
93.6,1929.0,33.5,Traditional,Rainfed,Moderate,Good,4234.9,871.3
42.2,1772.0,24.6,Traditional,Full Irrigation,None,Excellent,4275.5,1651.8
65.1,1288.0,29.6,BG 359,Partial Irrigation,Mild,Good,4356.7,2053.6
66.3,1333.0,24.9,Traditional,Rainfed,Moderate,Good,4234.9,898.9
102.6,1749.0,29.7,BG 352,Rainfed,None,Poor,4397.3,1516.2
88.4,1614.0,27.9,BG 352,Partial Irrigation,Moderate,Excellent,4275.5,1690.6
84.3,1025.0,24.8,Traditional,Full Irrigation,None,Poor,4437.9,1037.6
85.0,2036.0,30.5,BG 352,Rainfed,Mild,Poor,4316.1,930.2
47.0,1566.0,31.3,AT 362,Partial Irrigation,None,Good,4194.3,1492.8
57.2,1515.0,25.7,BG 359,Partial Irrigation,None,Good,4356.7,1799.4
24.6,1158.0,30.9,AT 362,Full Irrigation,None,Poor,4234.9,1000.4
98.7,1390.0,25.8,AT 362,Full Irrigation,None,Good,4275.5,2328.2
63.3,1333.0,25.4,BG 352,Rainfed,None,Good,4153.7,1494.8
63.8,1252.0,25.5,BG 358,Partial Irrigation,None,Average,4153.7,1674.9
44.5,1638.0,30.0,AT 362,Full Irrigation,Mild,Good,4316.1,1789.8
40.9,1501.0,31.8,Traditional,Partial Irrigation,None,Good,4153.7,1071.3
78.8,2056.0,30.0,Traditional,Rainfed,None,Average,4437.9,1197.7
43.3,2124.0,32.1,Traditional,Rainfed,None,Poor,4397.3,701.6
26.4,1185.0,29.9,Traditional,Partial Irrigation,None,Average,4356.7,906.7
96.8,1030.0,32.0,Traditional,Full Irrigation,None,Excellent,4356.7,1584.9
57.6,1921.0,33.8,BG 359,Rainfed,None,Average,4316.1,1224.3
58.0,2193.0,27.9,BG 358,Rainfed,Mild,Good,4113.1,1270.0
63.1,2023.0,25.5,BG 359,Rainfed,Mild,Average,4234.9,1098.3
101.5,931.0,25.4,AT 362,Partial Irrigation,Mild,Good,4275.5,1386.0
52.1,1227.0,30.0,BG 359,Rainfed,None,Good,4437.9,1777.3
95.8,956.0,29.5,Traditional,Rainfed,Moderate,Average,4153.7,752.7
114.0,1967.0,25.8,AT 362,Partial Irrigation,Mild,Good,4275.5,1734.5
86.1,1656.0,32.8,BG 358,Full Irrigation,Mild,Excellent,4234.9,2396.6
63.2,1568.0,33.6,Traditional,Rainfed,None,Excellent,4153.7,1181.0
94.8,1621.0,26.5,Traditional,Partial Irrigation,None,Excellent,4113.1,1749.6
65.8,1228.0,26.1,BG 359,Partial Irrigation,None,Poor,4234.9,1624.3
61.4,1682.0,26.1,BG 352,Full Irrigation,None,Excellent,4113.1,2410.6
72.5,940.0,27.9,BG 358,Full Irrigation,Mild,Good,4113.1,1986.6
51.8,1740.0,32.5,Traditional,Full Irrigation,None,Average,4234.9,1304.3
30.4,1855.0,30.0,BG 352,Rainfed,None,Average,4153.7,1031.9
61.5,1775.0,24.7,BG 359,Full Irrigation,None,Poor,4275.5,1657.8
32.4,1332.0,28.7,AT 362,Rainfed,None,Excellent,4113.1,1454.3
61.0,1974.0,24.9,BG 358,Full Irrigation,None,Excellent,4194.3,2050.6
75.7,1830.0,28.1,Traditional,Rainfed,None,Poor,4275.5,876.9
113.1,1067.0,28.0,BG 359,Rainfed,None,Good,4437.9,1917.9
23.6,1154.0,30.5,BG 352,Rainfed,None,Good,4316.1,1024.7
82.1,1728.0,29.5,BG 358,Rainfed,Mild,Poor,4397.3,1388.8
65.8,1276.0,32.7,BG 358,Partial Irrigation,Severe,Good,4234.9,1014.2
22.0,1055.0,24.2,BG 358,Partial Irrigation,Moderate,Excellent,4275.5,961.6
45.0,1101.0,31.7,Traditional,Full Irrigation,Mild,Average,4234.9,955.2
31.8,1115.0,24.2,BG 358,Rainfed,None,Good,4397.3,1171.8
41.7,1521.0,27.0,BG 359,Rainfed,Mild,Excellent,4437.9,1687.6
47.5,1690.0,32.8,BG 359,Rainfed,Moderate,Average,4437.9,1087.1
60.1,1129.0,30.9,BG 358,Rainfed,None,Poor,4356.7,980.9
72.9,1826.0,25.7,BG 359,Full Irrigation,None,Average,4275.5,1899.2
20.1,1265.0,28.9,BG 358,Partial Irrigation,Mild,Poor,4275.5,1202.2
36.2,1305.0,31.2,BG 352,Rainfed,None,Average,4437.9,1206.2
29.4,1191.0,33.4,BG 359,Rainfed,Mild,Good,4194.3,1053.6
75.0,1921.0,30.3,BG 359,Full Irrigation,None,Poor,4234.9,1506.9
52.9,2148.0,24.2,BG 352,Partial Irrigation,None,Good,4437.9,1505.0
74.8,1540.0,29.0,AT 362,Rainfed,Mild,Excellent,4234.9,1623.0
42.2,955.0,25.5,AT 362,Full Irrigation,Mild,Average,4194.3,1198.8
22.4,1239.0,24.5,BG 358,Rainfed,Mild,Excellent,4316.1,1252.3
114.1,1105.0,30.0,BG 359,Rainfed,Moderate,Average,4194.3,1257.1
30.8,1996.0,31.8,BG 358,Full Irrigation,Moderate,Good,4437.9,1367.7
32.7,1010.0,24.4,AT 362,Partial Irrigation,None,Poor,4437.9,913.0
34.7,2156.0,31.8,BG 352,Rainfed,Severe,Average,4194.3,521.8
118.1,1665.0,31.1,AT 362,Full Irrigation,None,Excellent,4275.5,2627.8
81.8,1573.0,31.5,BG 352,Rainfed,None,Good,4437.9,1643.3
81.0,2002.0,26.4,BG 352,Full Irrigation,Moderate,Good,4356.7,1790.9
118.7,936.0,27.9,BG 358,Partial Irrigation,None,Good,4153.7,1944.3
28.8,1910.0,25.2,BG 352,Full Irrigation,Moderate,Poor,4316.1,926.1
117.5,1052.0,26.4,BG 359,Full Irrigation,None,Excellent,4316.1,2620.2
40.4,1993.0,27.0,BG 352,Full Irrigation,None,Average,4316.1,1616.2
82.3,1588.0,27.2,BG 358,Full Irrigation,None,Poor,4113.1,1832.7
62.0,979.0,25.8,BG 352,Partial Irrigation,Mild,Excellent,4194.3,1395.1
58.4,1983.0,25.9,Traditional,Rainfed,Moderate,Poor,4397.3,570.7
113.1,936.0,33.0,AT 362,Partial Irrigation,None,Excellent,4194.3,1719.7
34.9,1080.0,31.8,BG 358,Partial Irrigation,None,Average,4194.3,1200.2
119.7,1937.0,27.4,BG 352,Full Irrigation,None,Poor,4194.3,1824.5
57.9,1504.0,33.5,Traditional,Rainfed,None,Poor,4153.7,793.6
84.9,2046.0,26.4,AT 362,Full Irrigation,Mild,Good,4153.7,1913.3
116.8,1726.0,28.1,Traditional,Partial Irrigation,Mild,Good,4234.9,1617.1
25.8,1711.0,32.1,BG 352,Full Irrigation,None,Poor,4397.3,1395.7
112.3,1280.0,28.4,BG 358,Partial Irrigation,None,Average,4113.1,2314.8
76.8,1074.0,26.3,BG 352,Partial Irrigation,Mild,Poor,4194.3,1092.5
90.4,2150.0,27.7,BG 359,Rainfed,None,Good,4113.1,1789.2
34.9,1036.0,29.0,BG 352,Full Irrigation,None,Excellent,4316.1,1882.0
73.3,1588.0,30.2,BG 352,Rainfed,Mild,Average,4194.3,1229.5
87.4,1254.0,28.1,BG 359,Rainfed,None,Excellent,4397.3,2304.4
65.6,1243.0,28.3,Traditional,Partial Irrigation,None,Average,4316.1,1291.2
35.5,1673.0,26.6,AT 362,Rainfed,None,Poor,4397.3,922.5
44.4,1937.0,29.4,AT 362,Full Irrigation,Mild,Average,4316.1,1568.5
105.4,1910.0,26.2,Traditional,Partial Irrigation,None,Excellent,4234.9,1578.8
23.4,2029.0,32.7,Traditional,Rainfed,Moderate,Excellent,4397.3,700.2
90.9,1281.0,31.5,BG 352,Rainfed,None,Good,4275.5,1620.0
119.9,1505.0,28.1,BG 358,Rainfed,None,Average,4437.9,1978.2
20.7,912.0,31.5,AT 362,Partial Irrigation,Mild,Excellent,4437.9,1136.8
36.1,1871.0,24.1,Traditional,Partial Irrigation,None,Good,4316.1,1000.3
87.4,1293.0,27.4,AT 362,Rainfed,None,Excellent,4356.7,1897.0
26.0,1630.0,28.4,AT 362,Full Irrigation,None,Good,4194.3,1870.2
79.0,1120.0,28.7,BG 358,Partial Irrigation,Mild,Good,4397.3,1711.6
88.4,1965.0,31.5,BG 358,Partial Irrigation,None,Excellent,4356.7,2049.9
78.8,1962.0,33.6,BG 352,Partial Irrigation,Moderate,Excellent,4437.9,1327.0
56.5,2041.0,27.8,BG 358,Partial Irrigation,None,Good,4194.3,1699.8
89.7,960.0,27.5,BG 352,Rainfed,None,Poor,4397.3,1182.0
79.4,2190.0,30.1,Traditional,Full Irrigation,None,Average,4275.5,1236.4
40.8,1222.0,26.8,BG 352,Rainfed,None,Good,4153.7,1427.4
76.3,1302.0,25.4,BG 358,Rainfed,Moderate,Good,4153.7,1235.7
108.2,1224.0,33.6,Traditional,Partial Irrigation,None,Average,4316.1,1336.2
86.7,1248.0,32.1,Traditional,Full Irrigation,Moderate,Poor,4194.3,955.5
67.2,1618.0,33.6,BG 358,Full Irrigation,None,Excellent,4113.1,2354.3
52.2,1212.0,26.2,BG 359,Rainfed,None,Excellent,4234.9,1829.8
28.6,1412.0,24.2,BG 359,Partial Irrigation,None,Poor,4316.1,1236.4
44.5,1752.0,28.4,Traditional,Partial Irrigation,Mild,Average,4194.3,1125.9
21.1,1987.0,33.3,AT 362,Rainfed,None,Average,4437.9,851.7
118.7,1801.0,25.4,BG 359,Full Irrigation,Mild,Excellent,4397.3,2361.6
42.2,1673.0,25.2,BG 358,Rainfed,Moderate,Excellent,4275.5,1283.7
101.5,1092.0,24.7,BG 358,Rainfed,Mild,Average,4437.9,1325.6
36.9,1961.0,31.7,AT 362,Rainfed,None,Average,4234.9,868.1
48.4,948.0,31.9,Traditional,Full Irrigation,Mild,Average,4153.7,952.4
61.8,1243.0,31.0,BG 352,Rainfed,None,Poor,4113.1,1107.8
52.4,974.0,24.5,AT 362,Full Irrigation,None,Average,4437.9,1333.4
99.8,1768.0,31.2,BG 359,Full Irrigation,None,Average,4437.9,2528.4
115.8,1379.0,28.5,BG 352,Rainfed,Moderate,Poor,4356.7,1193.8
107.5,1748.0,25.6,BG 352,Rainfed,None,Good,4113.1,1689.9
35.4,1351.0,27.0,BG 358,Full Irrigation,Mild,Excellent,4194.3,2157.1
97.7,1492.0,29.0,BG 358,Rainfed,Mild,Average,4113.1,1676.6
34.8,1495.0,27.3,BG 352,Partial Irrigation,None,Average,4113.1,1502.6
111.3,959.0,33.7,BG 358,Full Irrigation,None,Average,4194.3,1988.1
71.8,1459.0,28.7,Traditional,Rainfed,Mild,Poor,4316.1,948.7
53.6,1733.0,27.7,AT 362,Partial Irrigation,None,Good,4113.1,1707.5
35.7,1610.0,30.7,BG 358,Partial Irrigation,None,Average,4437.9,1671.6
21.2,998.0,30.5,AT 362,Partial Irrigation,None,Excellent,4275.5,1245.4
44.8,1768.0,24.0,BG 359,Full Irrigation,Moderate,Average,4194.3,1438.7
111.4,1302.0,30.2,AT 362,Partial Irrigation,None,Excellent,4275.5,2029.9
99.7,919.0,26.4,BG 358,Rainfed,None,Average,4397.3,1434.2
117.0,1102.0,27.8,BG 352,Full Irrigation,None,Poor,4194.3,1594.0
30.1,1547.0,31.1,BG 358,Partial Irrigation,None,Average,4113.1,1291.9
79.2,1304.0,29.6,Traditional,Rainfed,Severe,Excellent,4113.1,818.8
45.7,1803.0,27.7,BG 359,Partial Irrigation,None,Average,4397.3,1605.1
74.3,1213.0,25.7,BG 352,Rainfed,Mild,Excellent,4153.7,1461.5
52.0,1905.0,29.1,Traditional,Partial Irrigation,Mild,Good,4316.1,1126.7
48.3,1272.0,27.2,Traditional,Full Irrigation,None,Good,4234.9,1625.8
77.4,1707.0,33.1,BG 359,Rainfed,Mild,Excellent,4356.7,1805.7
38.3,1939.0,29.3,AT 362,Full Irrigation,Severe,Good,4113.1,898.4
66.9,1401.0,32.7,BG 352,Full Irrigation,Mild,Good,4437.9,2023.0
85.1,961.0,27.9,BG 359,Full Irrigation,Mild,Poor,4356.7,1606.4
32.8,1596.0,32.3,Traditional,Partial Irrigation,None,Good,4275.5,1077.8
113.1,2194.0,24.6,BG 359,Rainfed,Moderate,Good,4153.7,1373.4
70.6,2160.0,27.0,BG 352,Rainfed,None,Poor,4437.9,1151.8
102.0,1187.0,24.8,AT 362,Full Irrigation,Mild,Good,4194.3,1590.2
85.4,1882.0,24.3,AT 362,Partial Irrigation,None,Good,4275.5,1596.8
91.0,1348.0,33.2,AT 362,Partial Irrigation,Mild,Average,4234.9,1445.6
91.6,1108.0,31.2,AT 362,Full Irrigation,Moderate,Poor,4194.3,1018.2
107.5,1766.0,30.3,BG 352,Full Irrigation,Mild,Poor,4234.9,1564.3
81.4,1551.0,29.3,BG 352,Full Irrigation,None,Poor,4153.7,1880.6
47.8,1601.0,29.7,AT 362,Full Irrigation,Mild,Poor,4113.1,1493.4
30.0,1976.0,30.4,Traditional,Full Irrigation,Moderate,Poor,4194.3,628.3
80.6,1338.0,32.3,BG 352,Rainfed,Mild,Good,4153.7,1425.4
26.6,1767.0,30.0,BG 359,Rainfed,Moderate,Average,4234.9,1033.1
44.1,1376.0,31.5,BG 359,Rainfed,Moderate,Poor,4397.3,979.0
26.1,956.0,26.8,BG 358,Partial Irrigation,Moderate,Poor,4153.7,849.1
74.9,1391.0,33.8,AT 362,Partial Irrigation,None,Good,4113.1,1646.7
36.0,2135.0,24.3,Traditional,Full Irrigation,None,Excellent,4113.1,1200.6
81.0,1528.0,27.9,Traditional,Full Irrigation,Moderate,Excellent,4275.5,1552.0
99.1,1041.0,32.8,BG 352,Full Irrigation,Moderate,Excellent,4194.3,1645.9
102.2,1794.0,25.8,BG 359,Rainfed,None,Average,4275.5,1557.6
51.0,2152.0,25.4,Traditional,Full Irrigation,None,Good,4113.1,1169.6
74.9,2080.0,27.7,BG 358,Full Irrigation,None,Poor,4194.3,1697.9
76.3,1644.0,28.3,Traditional,Full Irrigation,Mild,Poor,4234.9,1263.2
67.3,1389.0,33.3,BG 359,Partial Irrigation,Moderate,Poor,4234.9,1104.7
85.5,1655.0,32.4,BG 359,Full Irrigation,Mild,Poor,4275.5,1654.5
41.0,1961.0,28.6,BG 358,Partial Irrigation,None,Average,4397.3,1569.3
117.9,2020.0,33.7,Traditional,Rainfed,None,Poor,4275.5,844.8
29.8,1964.0,30.4,BG 359,Partial Irrigation,Moderate,Excellent,4397.3,1270.0
102.9,1492.0,32.7,BG 359,Rainfed,None,Good,4275.5,1893.8
79.4,1055.0,26.5,BG 359,Full Irrigation,None,Good,4194.3,2247.2
44.5,1640.0,28.9,BG 352,Rainfed,None,Poor,4194.3,1179.6
94.6,1103.0,24.3,AT 362,Rainfed,Moderate,Excellent,4194.3,1045.7
28.4,979.0,24.1,BG 358,Partial Irrigation,None,Poor,4316.1,927.4
97.4,1548.0,31.1,BG 358,Partial Irrigation,None,Excellent,4194.3,2093.3
79.0,1752.0,25.2,AT 362,Partial Irrigation,None,Good,4437.9,1641.0
31.1,2010.0,29.5,BG 352,Rainfed,Severe,Poor,4275.5,516.6
28.0,1918.0,31.0,AT 362,Partial Irrigation,None,Poor,4397.3,917.8
95.1,2014.0,24.3,BG 359,Full Irrigation,None,Good,4356.7,2186.7
49.3,1888.0,28.5,AT 362,Rainfed,None,Excellent,4234.9,1376.5
108.9,1814.0,30.8,BG 352,Full Irrigation,None,Average,4194.3,1961.1
96.2,913.0,32.9,AT 362,Rainfed,Moderate,Poor,4356.7,781.0
89.8,1714.0,27.0,BG 358,Rainfed,Mild,Average,4194.3,1516.8
47.9,1057.0,33.7,Traditional,Full Irrigation,None,Average,4194.3,992.3
90.9,976.0,32.4,BG 358,Rainfed,Moderate,Average,4437.9,1034.2
114.8,1103.0,30.5,BG 352,Partial Irrigation,None,Excellent,4275.5,1777.0
29.2,1970.0,27.9,BG 359,Partial Irrigation,Moderate,Average,4113.1,1030.0
52.6,1867.0,31.1,BG 352,Partial Irrigation,None,Poor,4275.5,1041.0
43.5,2133.0,32.2,BG 358,Partial Irrigation,None,Good,4275.5,1542.6
59.3,2173.0,27.0,AT 362,Partial Irrigation,Moderate,Good,4397.3,1338.8
94.2,2061.0,33.9,BG 359,Full Irrigation,Moderate,Good,4356.7,1725.3
67.4,1073.0,33.1,AT 362,Partial Irrigation,Mild,Good,4153.7,1210.7
77.1,2042.0,28.9,Traditional,Partial Irrigation,Mild,Average,4153.7,1062.2
51.4,1990.0,31.2,BG 359,Full Irrigation,Moderate,Average,4316.1,1254.4
34.1,2032.0,29.2,BG 359,Partial Irrigation,Mild,Poor,4113.1,1069.5
46.7,1097.0,31.6,BG 352,Full Irrigation,None,Poor,4194.3,1071.3
106.0,1052.0,32.3,BG 358,Full Irrigation,None,Good,4153.7,2150.9
80.2,2101.0,24.2,AT 362,Full Irrigation,Mild,Average,4113.1,1515.6
57.8,1126.0,24.8,BG 352,Partial Irrigation,Mild,Good,4437.9,1263.9
99.0,1379.0,27.4,BG 358,Partial Irrigation,Moderate,Excellent,4113.1,1924.8
26.4,1493.0,33.2,BG 352,Rainfed,None,Good,4113.1,1248.8
45.4,1062.0,28.0,Traditional,Rainfed,None,Poor,4437.9,761.8
43.0,927.0,32.9,BG 359,Rainfed,None,Poor,4153.7,823.8
118.5,2192.0,28.6,AT 362,Partial Irrigation,Moderate,Poor,4397.3,1174.3
90.6,2040.0,26.9,AT 362,Rainfed,None,Average,4113.1,1313.1
81.8,2086.0,33.0,BG 358,Rainfed,Moderate,Poor,4153.7,813.1
20.5,1270.0,29.6,BG 352,Partial Irrigation,None,Excellent,4113.1,1711.9
38.4,1186.0,27.6,BG 358,Partial Irrigation,None,Average,4356.7,1331.0
83.6,1454.0,24.4,BG 352,Rainfed,Moderate,Good,4316.1,1225.0
58.0,1489.0,25.1,BG 358,Partial Irrigation,None,Poor,4275.5,1325.3
112.4,907.0,25.4,BG 358,Partial Irrigation,Moderate,Poor,4194.3,952.6
96.5,1913.0,27.6,AT 362,Rainfed,None,Poor,4113.1,1039.2
64.7,2196.0,30.1,BG 358,Rainfed,None,Average,4316.1,1286.3
95.0,1587.0,27.1,BG 352,Rainfed,Mild,Average,4194.3,1462.6
117.5,1405.0,24.7,Traditional,Full Irrigation,Moderate,Average,4316.1,1419.5
66.1,1411.0,26.6,BG 352,Rainfed,None,Excellent,4356.7,2041.1
84.3,1025.0,28.1,BG 358,Rainfed,None,Good,4397.3,1607.5
111.9,1246.0,33.9,BG 358,Rainfed,Mild,Good,4275.5,1913.4
44.9,1553.0,27.9,BG 352,Partial Irrigation,Severe,Poor,4113.1,731.5
108.7,1461.0,24.9,Traditional,Full Irrigation,Moderate,Average,4194.3,1201.2
29.8,1609.0,29.8,BG 358,Rainfed,Moderate,Good,4397.3,1125.2
84.8,2004.0,33.2,AT 362,Full Irrigation,None,Good,4275.5,1916.7
98.3,1193.0,31.9,BG 352,Rainfed,Mild,Excellent,4316.1,1380.9
81.5,936.0,32.4,BG 359,Partial Irrigation,Moderate,Average,4275.5,1135.9
69.6,950.0,33.3,BG 352,Rainfed,Moderate,Average,4153.7,805.0
81.7,1074.0,30.4,BG 358,Rainfed,Moderate,Excellent,4437.9,1165.4
35.2,1642.0,33.9,BG 359,Partial Irrigation,Moderate,Average,4356.7,1136.9
41.6,1951.0,24.3,Traditional,Partial Irrigation,Moderate,Good,4437.9,847.2
47.0,2053.0,32.3,BG 358,Full Irrigation,None,Poor,4397.3,1365.0
79.8,1726.0,32.6,AT 362,Partial Irrigation,None,Poor,4194.3,1235.5
64.2,1424.0,33.2,BG 352,Rainfed,Severe,Poor,4194.3,553.0
44.4,1101.0,28.8,BG 358,Partial Irrigation,None,Average,4194.3,1359.5
108.3,1422.0,31.9,AT 362,Full Irrigation,None,Excellent,4437.9,2511.2
57.4,1332.0,26.0,BG 359,Partial Irrigation,None,Poor,4316.1,1415.1
64.6,2031.0,30.0,BG 359,Partial Irrigation,Mild,Excellent,4275.5,1607.8
61.0,1533.0,27.6,AT 362,Partial Irrigation,Moderate,Excellent,4437.9,1600.8
38.2,1194.0,30.0,BG 352,Partial Irrigation,Moderate,Poor,4316.1,895.5
93.2,1275.0,30.8,AT 362,Full Irrigation,None,Poor,4437.9,1667.6
64.8,1077.0,27.5,Traditional,Partial Irrigation,None,Excellent,4437.9,1324.9
21.6,2094.0,26.2,AT 362,Partial Irrigation,None,Good,4113.1,1321.8
116.4,965.0,27.2,BG 358,Partial Irrigation,Moderate,Poor,4234.9,1101.6
101.6,917.0,30.6,BG 358,Partial Irrigation,None,Excellent,4356.7,2011.7
92.4,1138.0,30.8,Traditional,Full Irrigation,Mild,Good,4397.3,1376.6
106.9,1954.0,31.4,AT 362,Full Irrigation,Mild,Good,4153.7,1844.0
110.7,1581.0,25.3,Traditional,Full Irrigation,Mild,Good,4194.3,1440.0
53.7,1714.0,32.2,Traditional,Partial Irrigation,Mild,Poor,4275.5,826.4
81.1,1365.0,30.9,BG 359,Full Irrigation,Mild,Average,4397.3,1919.7
80.9,989.0,24.3,BG 352,Rainfed,Mild,Poor,4153.7,881.5
46.7,2013.0,27.4,BG 358,Rainfed,None,Good,4316.1,1558.5
42.2,1149.0,28.7,BG 358,Rainfed,None,Excellent,4194.3,1460.0
31.4,943.0,27.6,Traditional,Partial Irrigation,None,Good,4153.7,949.5
85.9,1645.0,25.2,BG 358,Full Irrigation,None,Good,4275.5,2575.5
98.1,1008.0,26.1,BG 358,Rainfed,Mild,Poor,4234.9,1121.3
96.1,1024.0,24.2,Traditional,Rainfed,None,Good,4316.1,1094.7
51.6,1940.0,24.9,BG 352,Partial Irrigation,Moderate,Excellent,4194.3,1198.6
40.5,1539.0,26.7,AT 362,Full Irrigation,None,Poor,4397.3,1576.9
65.4,1214.0,32.2,BG 359,Rainfed,Mild,Poor,4113.1,1047.9
74.7,1353.0,29.3,Traditional,Full Irrigation,None,Good,4397.3,2009.5
111.9,1848.0,28.2,BG 359,Rainfed,None,Poor,4113.1,1418.0
107.5,986.0,30.6,BG 359,Rainfed,None,Poor,4356.7,1233.1
111.6,1051.0,29.4,Traditional,Partial Irrigation,Mild,Excellent,4234.9,1420.1
105.0,1701.0,25.3,Traditional,Full Irrigation,None,Poor,4234.9,1324.6
116.5,1689.0,26.2,AT 362,Full Irrigation,Mild,Average,4113.1,2173.8
66.5,2164.0,26.2,AT 362,Rainfed,Mild,Average,4356.7,1236.0
24.7,1387.0,30.0,Traditional,Rainfed,Severe,Average,4153.7,518.6
28.4,985.0,28.6,Traditional,Partial Irrigation,Mild,Average,4316.1,831.3
59.0,1599.0,27.9,AT 362,Partial Irrigation,Mild,Average,4356.7,1386.7
45.8,1730.0,29.6,BG 358,Rainfed,Moderate,Excellent,4397.3,1523.5
37.0,1081.0,33.7,AT 362,Partial Irrigation,None,Poor,4356.7,829.8
115.3,1619.0,27.1,BG 358,Rainfed,Mild,Poor,4194.3,1474.4
39.5,1157.0,29.2,BG 359,Full Irrigation,None,Average,4356.7,1689.0
115.9,1998.0,28.8,BG 359,Rainfed,Mild,Excellent,4397.3,1920.6
96.1,1986.0,31.2,Traditional,Partial Irrigation,None,Average,4194.3,1110.6
84.1,1459.0,31.3,BG 359,Partial Irrigation,None,Poor,4153.7,1587.2
87.6,2157.0,31.3,Traditional,Rainfed,Mild,Good,4437.9,1000.5
53.1,2174.0,26.0,Traditional,Partial Irrigation,None,Good,4153.7,1227.2
84.6,1068.0,28.5,Traditional,Rainfed,None,Average,4316.1,1078.0
38.7,1378.0,32.1,BG 352,Partial Irrigation,None,Poor,4194.3,1149.0
113.8,1680.0,27.8,AT 362,Partial Irrigation,Moderate,Excellent,4153.7,1800.7
50.2,1010.0,33.8,BG 358,Rainfed,None,Excellent,4356.7,1364.6
45.5,1397.0,27.6,BG 359,Rainfed,None,Excellent,4153.7,1853.2
91.1,1240.0,29.0,BG 359,Rainfed,Severe,Excellent,4356.7,1333.3
85.6,2138.0,28.7,BG 358,Full Irrigation,Moderate,Average,4356.7,1784.5
65.1,1435.0,28.3,Traditional,Rainfed,None,Average,4113.1,955.2
83.2,1891.0,32.5,Traditional,Full Irrigation,None,Excellent,4153.7,1500.5
35.9,1403.0,25.6,BG 359,Partial Irrigation,None,Average,4397.3,1498.0
87.3,1071.0,29.7,BG 352,Full Irrigation,Moderate,Excellent,4275.5,1713.5
47.1,2022.0,30.2,BG 352,Full Irrigation,None,Good,4153.7,1393.4
47.3,901.0,32.5,BG 358,Rainfed,None,Excellent,4437.9,1320.2
36.2,973.0,30.1,Traditional,Partial Irrigation,None,Poor,4194.3,666.7
53.2,1374.0,33.6,BG 359,Full Irrigation,Mild,Good,4113.1,1881.0
53.1,1793.0,32.7,BG 352,Rainfed,None,Excellent,4437.9,1531.5
65.4,1344.0,27.5,BG 359,Partial Irrigation,Mild,Poor,4113.1,1418.2
39.0,986.0,32.6,Traditional,Partial Irrigation,None,Good,4275.5,942.3
39.3,1313.0,33.6,BG 359,Rainfed,Mild,Poor,4437.9,1010.2
74.2,1218.0,26.6,BG 359,Full Irrigation,Moderate,Excellent,4316.1,2457.1
32.9,907.0,30.1,BG 352,Rainfed,None,Excellent,4316.1,1149.5
88.9,1595.0,26.8,Traditional,Full Irrigation,None,Poor,4234.9,1382.9
114.4,1052.0,30.5,BG 352,Rainfed,None,Good,4153.7,1334.1
62.7,1274.0,24.9,Traditional,Partial Irrigation,Mild,Average,4316.1,1030.5
110.1,1734.0,31.3,BG 358,Partial Irrigation,None,Excellent,4437.9,2594.4
29.8,1843.0,28.2,BG 352,Full Irrigation,Mild,Average,4113.1,1340.4
24.3,1242.0,29.9,BG 358,Full Irrigation,None,Good,4397.3,2249.9
92.1,1328.0,24.3,BG 352,Full Irrigation,Mild,Poor,4234.9,1560.2
96.1,1221.0,31.0,BG 352,Full Irrigation,Mild,Poor,4275.5,1719.0
104.3,2144.0,29.0,BG 352,Full Irrigation,None,Excellent,4153.7,2600.5
25.7,1148.0,30.3,AT 362,Rainfed,None,Average,4316.1,823.8
97.7,1138.0,27.2,Traditional,Full Irrigation,Mild,Excellent,4153.7,1641.3
57.7,1479.0,25.5,BG 358,Partial Irrigation,None,Excellent,4194.3,1982.2
50.3,1146.0,28.4,AT 362,Partial Irrigation,Mild,Excellent,4356.7,1428.4
37.3,1104.0,33.4,BG 358,Rainfed,Severe,Poor,4113.1,428.3
119.6,1025.0,26.3,BG 359,Full Irrigation,None,Poor,4275.5,1954.7
26.4,1732.0,30.8,BG 358,Rainfed,None,Good,4316.1,1360.9
102.7,1696.0,24.5,Traditional,Partial Irrigation,None,Excellent,4153.7,1477.7
83.9,1745.0,31.2,BG 359,Rainfed,None,Excellent,4194.3,1896.7
93.5,1905.0,26.4,BG 359,Partial Irrigation,Severe,Good,4234.9,1119.5
91.2,1324.0,28.5,Traditional,Partial Irrigation,Severe,Poor,4316.1,628.6
105.8,2094.0,27.7,AT 362,Partial Irrigation,None,Good,4437.9,1947.8
38.4,1853.0,25.1,BG 352,Partial Irrigation,Severe,Average,4397.3,699.6
20.1,1946.0,27.5,BG 352,Full Irrigation,None,Excellent,4153.7,1889.1
79.9,1837.0,27.5,BG 358,Full Irrigation,Severe,Good,4113.1,1307.6
55.4,1366.0,29.2,BG 352,Partial Irrigation,Moderate,Poor,4113.1,1057.9
32.4,1268.0,33.7,AT 362,Full Irrigation,None,Excellent,4316.1,1927.9
38.6,1449.0,28.7,BG 359,Full Irrigation,Mild,Excellent,4153.7,2283.1
53.2,1026.0,33.1,BG 352,Rainfed,Mild,Good,4194.3,982.4
27.0,1487.0,28.6,BG 359,Partial Irrigation,None,Excellent,4397.3,1972.9
25.7,956.0,25.1,Traditional,Full Irrigation,None,Poor,4397.3,785.5
111.6,905.0,26.3,Traditional,Partial Irrigation,Mild,Average,4397.3,1244.9
51.2,2111.0,28.1,Traditional,Rainfed,None,Poor,4194.3,795.2
118.2,1796.0,27.3,Traditional,Partial Irrigation,None,Average,4316.1,1520.2
116.4,1630.0,32.7,AT 362,Partial Irrigation,None,Average,4316.1,1751.7
34.3,1343.0,30.8,Traditional,Full Irrigation,Mild,Average,4153.7,1051.8
91.5,1642.0,29.8,Traditional,Partial Irrigation,None,Average,4275.5,1423.9
80.1,2059.0,28.9,AT 362,Rainfed,None,Good,4275.5,1462.8
89.1,1748.0,28.0,BG 359,Rainfed,None,Poor,4234.9,1583.8
29.6,1683.0,30.1,Traditional,Rainfed,None,Average,4356.7,849.6
38.9,1498.0,25.2,BG 359,Rainfed,Mild,Excellent,4356.7,1500.6
27.7,1349.0,25.6,BG 352,Full Irrigation,None,Good,4275.5,1772.9
80.4,1808.0,27.0,BG 352,Rainfed,Mild,Poor,4356.7,1049.1
118.7,2175.0,25.7,BG 359,Partial Irrigation,None,Average,4356.7,1811.3
87.2,1452.0,30.8,BG 352,Rainfed,Mild,Excellent,4316.1,1705.4
91.1,1410.0,24.2,BG 352,Partial Irrigation,None,Poor,4194.3,1458.0
118.5,1457.0,25.6,BG 358,Full Irrigation,Moderate,Excellent,4356.7,2259.8
87.8,1453.0,33.0,BG 359,Partial Irrigation,None,Average,4356.7,1733.5
24.0,2188.0,34.0,BG 359,Rainfed,Moderate,Good,4437.9,962.9
106.7,1819.0,28.9,BG 359,Full Irrigation,None,Average,4153.7,2388.2
56.5,1367.0,29.0,BG 359,Partial Irrigation,None,Good,4234.9,2090.7
20.4,1383.0,31.7,Traditional,Rainfed,Mild,Excellent,4437.9,972.1
70.7,1460.0,24.4,BG 358,Full Irrigation,None,Poor,4275.5,1604.9
113.7,948.0,28.3,BG 359,Full Irrigation,None,Average,4437.9,2259.5
45.7,1586.0,25.0,AT 362,Partial Irrigation,Moderate,Good,4113.1,1026.0
69.2,1955.0,28.0,BG 358,Rainfed,Mild,Average,4113.1,1260.2
37.4,1759.0,33.8,BG 352,Partial Irrigation,Mild,Average,4397.3,1155.2
25.8,1158.0,31.5,BG 352,Partial Irrigation,Severe,Excellent,4234.9,730.0
28.1,1846.0,33.9,BG 358,Full Irrigation,None,Poor,4275.5,1310.7
92.7,1835.0,31.5,BG 358,Full Irrigation,None,Poor,4234.9,1611.1
106.4,1241.0,30.1,BG 352,Rainfed,Moderate,Good,4234.9,1254.3
34.3,1710.0,31.5,BG 358,Partial Irrigation,None,Poor,4437.9,1262.7
48.8,1694.0,30.6,AT 362,Rainfed,None,Poor,4113.1,1004.2
39.5,1992.0,28.6,Traditional,Partial Irrigation,None,Excellent,4356.7,1309.1
22.7,1077.0,26.9,BG 359,Partial Irrigation,None,Average,4437.9,1380.8
75.3,1153.0,29.2,BG 352,Partial Irrigation,None,Poor,4316.1,1212.5
90.0,1532.0,26.6,AT 362,Partial Irrigation,None,Good,4234.9,1961.5
84.8,957.0,28.9,BG 352,Partial Irrigation,Mild,Average,4153.7,1344.3
58.8,1440.0,25.5,BG 352,Full Irrigation,Mild,Average,4356.7,1537.9
75.5,1925.0,29.7,BG 359,Partial Irrigation,Severe,Average,4275.5,1039.4
29.4,1093.0,26.5,BG 359,Rainfed,None,Poor,4153.7,931.8
35.4,1498.0,26.9,BG 358,Full Irrigation,None,Excellent,4234.9,2522.8
113.2,2187.0,29.0,Traditional,Partial Irrigation,Mild,Poor,4437.9,1070.1
96.2,1558.0,25.6,BG 352,Full Irrigation,None,Average,4194.3,1891.9
112.3,1548.0,33.6,BG 352,Full Irrigation,None,Average,4153.7,2234.0
111.7,1626.0,28.5,BG 359,Rainfed,Mild,Good,4356.7,1983.4
84.9,1142.0,27.5,BG 359,Full Irrigation,Mild,Good,4153.7,2070.5
112.8,1091.0,24.3,Traditional,Full Irrigation,None,Average,4437.9,1397.9
61.7,1781.0,32.4,BG 352,Rainfed,Mild,Good,4397.3,1383.7
20.4,1414.0,30.3,BG 359,Rainfed,Mild,Poor,4437.9,911.1
26.3,1277.0,28.2,BG 352,Rainfed,Moderate,Poor,4437.9,849.0
30.9,941.0,26.5,BG 352,Full Irrigation,None,Excellent,4194.3,1705.1
29.5,2000.0,31.5,BG 359,Full Irrigation,Mild,Good,4153.7,1576.8
55.2,942.0,33.5,AT 362,Rainfed,Mild,Good,4234.9,1017.1
90.1,1875.0,27.8,BG 352,Partial Irrigation,None,Excellent,4275.5,2066.9
99.1,1397.0,25.3,Traditional,Rainfed,Mild,Excellent,4397.3,1275.8
79.0,1678.0,25.1,BG 359,Rainfed,Mild,Good,4356.7,1747.4
34.6,1222.0,24.1,BG 359,Rainfed,None,Excellent,4316.1,1489.4
94.8,1102.0,31.4,Traditional,Rainfed,None,Good,4397.3,971.3
55.5,1593.0,33.8,BG 358,Full Irrigation,None,Poor,4316.1,1603.9
21.3,1804.0,33.9,BG 358,Full Irrigation,Mild,Good,4234.9,1453.6
48.1,1154.0,31.8,AT 362,Rainfed,None,Excellent,4234.9,1195.5
53.1,1467.0,25.6,BG 352,Partial Irrigation,None,Excellent,4275.5,1825.9
47.4,1478.0,33.8,Traditional,Rainfed,None,Good,4113.1,991.2
101.2,1181.0,27.3,Traditional,Partial Irrigation,Mild,Excellent,4356.7,1426.8
96.0,1635.0,27.3,Traditional,Full Irrigation,Mild,Poor,4316.1,1405.6
89.6,1090.0,30.9,BG 359,Full Irrigation,None,Poor,4356.7,1662.0
33.9,1563.0,24.5,AT 362,Full Irrigation,None,Average,4275.5,1527.8
100.8,1047.0,32.3,Traditional,Rainfed,None,Poor,4397.3,762.2
87.7,1531.0,34.0,BG 352,Rainfed,None,Excellent,4437.9,1846.4
39.5,1305.0,31.8,BG 358,Rainfed,Mild,Poor,4316.1,880.8
84.8,1488.0,31.8,BG 359,Rainfed,None,Good,4234.9,1738.5
68.4,1464.0,27.9,AT 362,Partial Irrigation,Mild,Excellent,4113.1,1904.9
63.9,2080.0,24.7,AT 362,Partial Irrigation,Mild,Poor,4397.3,1018.7
31.2,1537.0,31.9,Traditional,Full Irrigation,Moderate,Poor,4437.9,813.5
71.8,1964.0,30.0,BG 359,Rainfed,None,Good,4356.7,1752.1
30.0,1193.0,33.1,BG 352,Rainfed,None,Excellent,4397.3,1203.4
36.4,1358.0,25.2,BG 352,Full Irrigation,None,Poor,4397.3,1474.7
33.3,998.0,27.1,Traditional,Full Irrigation,Moderate,Poor,4397.3,758.4
115.4,1447.0,27.6,BG 359,Partial Irrigation,Mild,Excellent,4275.5,2579.9
48.5,1769.0,30.8,AT 362,Rainfed,Mild,Good,4113.1,1051.8
55.5,1990.0,31.9,BG 359,Partial Irrigation,Mild,Good,4113.1,1459.3
52.2,1636.0,33.6,Traditional,Rainfed,None,Average,4153.7,916.5
109.8,1732.0,27.0,BG 358,Partial Irrigation,Mild,Average,4234.9,2019.4
76.3,1130.0,28.9,BG 352,Full Irrigation,Moderate,Average,4356.7,1366.0
111.9,948.0,24.3,AT 362,Rainfed,None,Poor,4275.5,1042.1
50.0,1929.0,26.5,BG 359,Rainfed,Severe,Average,4113.1,705.0
31.5,1117.0,27.7,Traditional,Full Irrigation,Moderate,Excellent,4153.7,1028.0
75.6,1019.0,29.9,BG 352,Rainfed,Severe,Good,4437.9,813.9
54.6,2119.0,28.7,BG 358,Full Irrigation,Moderate,Excellent,4437.9,1935.5
100.2,2153.0,27.6,Traditional,Full Irrigation,None,Average,4234.9,1482.1
107.9,1701.0,30.2,Traditional,Partial Irrigation,Mild,Excellent,4397.3,1595.7
67.3,1392.0,32.3,BG 352,Partial Irrigation,None,Average,4356.7,1504.5
117.1,1983.0,26.4,Traditional,Partial Irrigation,Mild,Good,4437.9,1450.7
75.3,1166.0,27.4,BG 352,Partial Irrigation,None,Good,4397.3,1760.6
47.1,1458.0,31.0,BG 352,Full Irrigation,Moderate,Excellent,4316.1,1587.3
68.9,1364.0,31.8,Traditional,Full Irrigation,None,Excellent,4234.9,1769.8
23.7,2087.0,32.3,BG 352,Rainfed,None,Poor,4316.1,808.6
100.4,2096.0,26.1,BG 358,Rainfed,None,Excellent,4194.3,1834.3
30.1,1746.0,29.4,BG 352,Partial Irrigation,Mild,Good,4234.9,1615.5
50.9,1044.0,33.0,BG 359,Partial Irrigation,None,Good,4316.1,1468.7
76.5,1527.0,27.9,BG 352,Full Irrigation,None,Poor,4316.1,1886.9
24.3,1219.0,28.3,BG 358,Rainfed,None,Average,4316.1,1407.4
27.9,2050.0,33.8,BG 358,Partial Irrigation,None,Excellent,4234.9,1577.7
89.6,1080.0,25.1,AT 362,Rainfed,Severe,Excellent,4234.9,750.6
27.2,971.0,31.1,BG 359,Partial Irrigation,None,Poor,4113.1,941.6
67.7,1816.0,32.5,BG 352,Full Irrigation,None,Average,4316.1,1655.0
53.9,1489.0,25.5,BG 359,Rainfed,None,Excellent,4316.1,1688.5
42.8,1990.0,31.1,BG 359,Rainfed,None,Excellent,4437.9,1376.3
38.9,997.0,28.7,BG 358,Partial Irrigation,None,Average,4275.5,1358.1
96.3,1941.0,32.5,BG 359,Full Irrigation,None,Excellent,4275.5,2598.1
115.2,949.0,33.1,BG 358,Partial Irrigation,None,Excellent,4113.1,1940.1
34.0,936.0,32.7,BG 358,Full Irrigation,None,Poor,4153.7,1090.7
116.0,1500.0,24.6,AT 362,Rainfed,None,Poor,4234.9,1299.3
79.5,1188.0,31.6,BG 358,Full Irrigation,Mild,Poor,4234.9,1279.7
84.2,1672.0,33.2,BG 358,Rainfed,None,Poor,4234.9,1157.3
91.0,934.0,30.2,BG 352,Rainfed,Mild,Good,4234.9,1255.2
90.4,946.0,30.0,AT 362,Partial Irrigation,Mild,Average,4356.7,1153.4
102.0,1845.0,24.5,AT 362,Rainfed,Moderate,Good,4153.7,1149.6
68.3,1173.0,32.6,AT 362,Full Irrigation,None,Poor,4194.3,1228.3
73.3,1753.0,24.5,BG 352,Full Irrigation,Mild,Good,4153.7,1898.5
52.4,1875.0,27.1,BG 359,Partial Irrigation,Moderate,Good,4194.3,1396.2
30.5,977.0,33.3,BG 358,Partial Irrigation,Severe,Excellent,4356.7,864.2
86.5,1901.0,33.5,AT 362,Full Irrigation,Moderate,Average,4113.1,1288.3
23.4,1249.0,33.9,BG 358,Full Irrigation,None,Good,4234.9,1858.3
47.6,1406.0,28.8,BG 359,Partial Irrigation,Severe,Average,4113.1,1039.7
29.4,1013.0,25.8,BG 359,Full Irrigation,Moderate,Average,4437.9,1129.1
39.1,1990.0,28.9,AT 362,Rainfed,None,Good,4356.7,1312.9
83.9,1629.0,25.0,AT 362,Rainfed,None,Good,4194.3,1428.2
82.8,1556.0,32.7,Traditional,Rainfed,Severe,Excellent,4153.7,647.9
62.1,2159.0,29.6,BG 359,Rainfed,None,Poor,4113.1,1134.9
29.0,1335.0,28.0,Traditional,Rainfed,Mild,Poor,4275.5,738.8
63.3,2058.0,24.8,Traditional,Partial Irrigation,None,Good,4356.7,1154.0
55.3,1836.0,28.1,BG 359,Full Irrigation,Mild,Good,4316.1,1923.6
92.0,2107.0,32.7,AT 362,Partial Irrigation,None,Excellent,4397.3,1825.7
77.9,2080.0,31.0,Traditional,Partial Irrigation,Mild,Good,4234.9,1043.7
69.2,2188.0,24.8,Traditional,Rainfed,None,Poor,4194.3,735.3
68.7,1071.0,25.6,BG 358,Rainfed,Moderate,Average,4275.5,933.7
116.6,1935.0,27.9,AT 362,Partial Irrigation,None,Excellent,4153.7,2063.4
95.6,1946.0,25.0,BG 359,Rainfed,None,Excellent,4437.9,1747.7
69.7,1738.0,33.3,BG 352,Full Irrigation,None,Excellent,4153.7,2381.2
67.9,1263.0,30.5,BG 358,Partial Irrigation,None,Average,4275.5,1703.8
22.6,2155.0,24.9,Traditional,Partial Irrigation,Severe,Poor,4275.5,381.5
114.3,1166.0,31.9,Traditional,Rainfed,None,Poor,4113.1,813.2
51.9,1549.0,27.7,AT 362,Rainfed,None,Excellent,4275.5,1667.7
45.6,1578.0,26.4,Traditional,Rainfed,Moderate,Average,4275.5,781.7
119.9,1110.0,29.7,BG 359,Full Irrigation,None,Excellent,4194.3,2661.2
91.9,1839.0,24.1,AT 362,Partial Irrigation,None,Poor,4153.7,1133.4
24.7,1016.0,28.7,BG 352,Full Irrigation,Mild,Average,4113.1,1288.1
26.2,1801.0,32.4,BG 358,Partial Irrigation,None,Excellent,4113.1,1513.2
22.6,2003.0,33.3,BG 352,Full Irrigation,Moderate,Poor,4275.5,868.5
80.0,1354.0,27.4,Traditional,Full Irrigation,Mild,Poor,4113.1,1297.9
27.2,1822.0,30.4,AT 362,Rainfed,None,Average,4437.9,941.8
113.3,1104.0,26.3,Traditional,Rainfed,Mild,Poor,4194.3,796.4
113.7,2000.0,29.6,BG 359,Full Irrigation,Moderate,Good,4316.1,2045.6
74.6,2138.0,26.5,BG 359,Rainfed,None,Poor,4356.7,1253.1
81.7,1099.0,29.7,AT 362,Full Irrigation,Mild,Poor,4275.5,1260.6
49.2,1799.0,25.7,BG 359,Partial Irrigation,None,Good,4397.3,1958.1
26.4,1558.0,33.4,BG 358,Full Irrigation,None,Average,4113.1,1624.1
93.7,1591.0,32.9,BG 358,Rainfed,Mild,Good,4194.3,1603.7
30.2,1818.0,27.4,BG 359,Rainfed,None,Excellent,4194.3,1602.5
28.6,1535.0,31.8,BG 352,Partial Irrigation,None,Excellent,4153.7,1466.8
51.1,1680.0,25.0,BG 352,Rainfed,None,Good,4194.3,1360.5
21.2,1200.0,31.4,BG 352,Rainfed,Mild,Excellent,4194.3,1293.1
63.4,1392.0,26.8,BG 352,Partial Irrigation,Mild,Good,4356.7,1814.9
90.8,2025.0,25.4,BG 352,Rainfed,None,Poor,4194.3,1142.0
100.1,1043.0,30.8,BG 352,Rainfed,None,Excellent,4397.3,1585.8
80.4,1677.0,28.7,BG 352,Full Irrigation,Moderate,Good,4356.7,2109.2
104.7,1140.0,29.3,Traditional,Rainfed,None,Poor,4437.9,966.6
60.7,2001.0,29.2,BG 352,Full Irrigation,None,Good,4113.1,1964.4
104.9,1653.0,24.6,BG 359,Full Irrigation,None,Poor,4437.9,1998.9
70.6,1424.0,24.5,BG 352,Full Irrigation,Mild,Good,4316.1,1960.6
42.3,1225.0,30.0,Traditional,Rainfed,None,Good,4437.9,1002.9
114.4,1468.0,30.2,BG 358,Rainfed,Moderate,Poor,4234.9,1095.0
47.5,2145.0,24.5,AT 362,Full Irrigation,Mild,Average,4437.9,1345.7
22.6,1562.0,27.8,AT 362,Rainfed,None,Poor,4316.1,1061.0
44.3,1510.0,30.1,AT 362,Partial Irrigation,Mild,Poor,4113.1,999.5
56.7,1870.0,30.6,AT 362,Partial Irrigation,None,Poor,4234.9,1105.8
55.1,1393.0,32.3,BG 359,Full Irrigation,None,Excellent,4153.7,2122.4
72.5,1456.0,28.2,AT 362,Full Irrigation,Mild,Average,4437.9,1856.0
108.3,1338.0,29.5,Traditional,Rainfed,None,Poor,4194.3,1069.6
49.2,1096.0,29.8,BG 358,Partial Irrigation,Moderate,Good,4194.3,1300.0
72.1,1828.0,27.1,Traditional,Partial Irrigation,Mild,Good,4275.5,1213.8
54.0,2035.0,24.5,Traditional,Full Irrigation,None,Poor,4234.9,898.7
102.2,2077.0,24.0,AT 362,Partial Irrigation,Severe,Good,4113.1,860.2
35.8,2045.0,32.4,Traditional,Rainfed,None,Poor,4397.3,620.5
30.4,1487.0,26.0,BG 352,Full Irrigation,None,Good,4397.3,1978.2
70.3,1269.0,30.3,BG 359,Partial Irrigation,None,Excellent,4356.7,2314.0
87.2,1729.0,29.8,AT 362,Rainfed,Severe,Average,4316.1,843.9
99.6,2141.0,28.0,Traditional,Rainfed,None,Good,4234.9,1265.1
79.0,1845.0,32.3,BG 352,Rainfed,None,Poor,4275.5,1010.3
97.4,1543.0,31.0,Traditional,Full Irrigation,None,Average,4275.5,1532.9
59.3,1795.0,24.2,BG 352,Full Irrigation,None,Excellent,4153.7,2076.8
23.3,1904.0,31.8,BG 358,Partial Irrigation,None,Poor,4113.1,946.3
31.6,2095.0,29.1,AT 362,Rainfed,Mild,Excellent,4194.3,1215.5
23.9,1892.0,27.5,BG 358,Full Irrigation,Moderate,Poor,4275.5,1140.7
52.9,1463.0,31.3,Traditional,Partial Irrigation,Mild,Average,4153.7,996.3
69.5,1256.0,30.9,Traditional,Partial Irrigation,None,Poor,4113.1,886.8
55.6,1550.0,27.1,BG 352,Rainfed,None,Poor,4397.3,1288.5
76.1,1327.0,33.8,BG 358,Full Irrigation,None,Average,4234.9,2077.5
68.1,2126.0,30.5,BG 352,Rainfed,None,Good,4316.1,1290.7
87.8,1560.0,30.1,AT 362,Partial Irrigation,Mild,Good,4275.5,1647.9
86.7,1514.0,24.7,Traditional,Partial Irrigation,None,Average,4356.7,1281.9
51.8,1353.0,26.8,AT 362,Partial Irrigation,Moderate,Average,4356.7,1234.0
54.6,1731.0,28.5,BG 352,Partial Irrigation,None,Poor,4194.3,1390.1
78.5,1576.0,30.3,BG 352,Partial Irrigation,Mild,Good,4397.3,1650.8
79.6,1068.0,29.1,BG 352,Partial Irrigation,Moderate,Poor,4234.9,1039.0
51.5,2030.0,31.6,BG 359,Partial Irrigation,Mild,Excellent,4397.3,1487.7
53.0,1367.0,26.6,AT 362,Partial Irrigation,Moderate,Poor,4234.9,1036.9
89.4,1462.0,31.0,BG 352,Full Irrigation,Moderate,Good,4113.1,1735.6
84.7,1167.0,32.2,Traditional,Full Irrigation,Mild,Average,4356.7,1150.4
33.5,1619.0,31.7,BG 358,Rainfed,None,Excellent,4113.1,1420.9
64.1,1813.0,31.7,BG 359,Full Irrigation,None,Average,4356.7,1867.8
109.3,2046.0,32.9,AT 362,Rainfed,Moderate,Excellent,4113.1,1185.9
23.6,967.0,24.8,BG 359,Rainfed,None,Excellent,4153.7,1106.2
105.5,2165.0,31.0,BG 359,Partial Irrigation,Severe,Average,4316.1,898.3
36.3,1815.0,33.7,BG 358,Rainfed,None,Average,4437.9,1133.3
70.7,1270.0,29.7,BG 359,Partial Irrigation,Mild,Average,4234.9,1655.6
62.4,1166.0,26.2,BG 358,Rainfed,None,Average,4153.7,1340.8
21.0,1285.0,34.0,BG 358,Partial Irrigation,Severe,Average,4194.3,750.4
111.5,2038.0,25.7,AT 362,Full Irrigation,None,Poor,4437.9,1694.2
65.5,1279.0,27.4,Traditional,Full Irrigation,None,Average,4356.7,1708.2
115.4,1502.0,25.7,Traditional,Partial Irrigation,Moderate,Excellent,4113.1,1251.9
48.7,1817.0,28.6,BG 358,Rainfed,None,Excellent,4234.9,1560.8
106.6,2034.0,28.2,BG 358,Full Irrigation,None,Poor,4194.3,1704.2
112.2,1756.0,28.9,BG 352,Rainfed,Moderate,Good,4153.7,1504.3
75.7,1879.0,33.3,BG 358,Partial Irrigation,Moderate,Poor,4397.3,1076.0
40.3,1125.0,28.8,BG 359,Rainfed,None,Good,4316.1,1321.9
88.5,2041.0,29.1,BG 358,Partial Irrigation,Mild,Good,4153.7,1801.6
74.9,1258.0,32.9,AT 362,Rainfed,None,Excellent,4316.1,1575.7
114.5,1067.0,32.2,BG 352,Full Irrigation,None,Good,4234.9,2027.8
63.9,2169.0,26.4,BG 359,Rainfed,Mild,Excellent,4113.1,1650.5
46.9,1162.0,24.1,BG 358,Partial Irrigation,None,Excellent,4275.5,1421.4
33.8,1078.0,30.3,BG 359,Partial Irrigation,None,Good,4153.7,1223.3
89.9,1714.0,32.4,BG 352,Partial Irrigation,None,Average,4194.3,1724.6
117.4,1315.0,29.5,BG 359,Partial Irrigation,Moderate,Average,4397.3,1900.9
22.8,1073.0,26.1,AT 362,Rainfed,Mild,Average,4356.7,879.0
94.0,1681.0,31.4,Traditional,Full Irrigation,None,Average,4153.7,1587.7
112.7,1887.0,30.7,BG 358,Partial Irrigation,Moderate,Average,4397.3,1291.6
27.5,1931.0,29.7,BG 359,Rainfed,Moderate,Average,4316.1,992.0
31.0,1102.0,32.6,AT 362,Rainfed,None,Good,4397.3,1004.3
89.2,1624.0,31.8,BG 359,Partial Irrigation,Severe,Average,4356.7,1045.1
84.8,1958.0,30.7,BG 359,Full Irrigation,None,Average,4234.9,1701.9
26.9,1109.0,30.6,BG 358,Full Irrigation,None,Good,4275.5,1514.5
103.4,1170.0,30.6,Traditional,Partial Irrigation,None,Average,4275.5,1089.3
72.3,903.0,29.3,AT 362,Partial Irrigation,None,Poor,4356.7,1168.8
110.7,1582.0,28.6,Traditional,Rainfed,Mild,Poor,4194.3,1057.1
107.8,1153.0,31.1,AT 362,Partial Irrigation,Mild,Excellent,4194.3,1600.1
101.3,1842.0,30.1,BG 358,Rainfed,Moderate,Excellent,4194.3,1291.0
71.6,2151.0,28.9,BG 358,Full Irrigation,None,Good,4194.3,2336.2
45.2,1171.0,25.3,BG 352,Partial Irrigation,None,Poor,4153.7,880.5
70.6,1744.0,31.0,AT 362,Rainfed,None,Good,4113.1,1384.8
30.1,1175.0,30.5,AT 362,Full Irrigation,None,Average,4437.9,1280.9
85.9,923.0,27.4,BG 358,Full Irrigation,Severe,Average,4113.1,1012.7
33.4,1886.0,27.6,BG 352,Rainfed,Mild,Excellent,4397.3,1376.7
71.1,1464.0,26.5,Traditional,Rainfed,Mild,Excellent,4113.1,1232.1
25.4,2131.0,33.6,BG 358,Rainfed,Mild,Good,4356.7,1074.0
50.0,1595.0,32.6,BG 359,Partial Irrigation,None,Good,4194.3,1783.5
43.2,1105.0,29.6,BG 352,Partial Irrigation,None,Good,4275.5,1397.1
82.0,1485.0,28.0,BG 352,Full Irrigation,None,Excellent,4194.3,2623.0
98.7,1164.0,31.4,Traditional,Full Irrigation,Moderate,Good,4275.5,1163.2
25.7,2041.0,29.3,AT 362,Full Irrigation,None,Good,4275.5,1665.5
105.0,1798.0,33.8,BG 352,Full Irrigation,None,Poor,4275.5,1682.6
106.1,1344.0,24.6,BG 352,Rainfed,Mild,Excellent,4234.9,1777.3
54.2,1586.0,24.3,BG 359,Rainfed,None,Excellent,4275.5,1670.8
85.9,1770.0,29.7,AT 362,Full Irrigation,None,Average,4397.3,2088.8
60.3,1918.0,26.0,BG 359,Partial Irrigation,None,Average,4234.9,1452.1
35.4,1004.0,30.0,Traditional,Rainfed,None,Excellent,4234.9,884.9
72.9,929.0,31.8,AT 362,Full Irrigation,None,Excellent,4153.7,1686.5
28.6,1049.0,25.4,AT 362,Rainfed,Moderate,Average,4234.9,625.2
107.8,1413.0,28.4,BG 358,Full Irrigation,Mild,Poor,4153.7,2044.1
112.4,1507.0,30.9,AT 362,Full Irrigation,None,Excellent,4153.7,2575.6
102.2,1077.0,32.3,Traditional,Partial Irrigation,Mild,Good,4437.9,1107.5
76.3,1434.0,29.0,BG 352,Partial Irrigation,Mild,Excellent,4113.1,2054.6
75.8,1474.0,26.1,AT 362,Full Irrigation,Mild,Good,4275.5,2342.6
118.5,1042.0,29.9,Traditional,Full Irrigation,Moderate,Good,4397.3,1483.5
44.8,2092.0,28.5,BG 359,Partial Irrigation,Moderate,Poor,4437.9,1088.9
27.6,1679.0,31.7,AT 362,Rainfed,None,Good,4153.7,1170.5
76.2,1405.0,29.6,BG 358,Rainfed,None,Average,4153.7,1603.7
52.9,1559.0,26.8,BG 352,Partial Irrigation,None,Poor,4234.9,1363.8
52.2,1308.0,31.5,Traditional,Rainfed,None,Excellent,4275.5,1168.4
20.7,2011.0,29.2,BG 358,Full Irrigation,Severe,Average,4437.9,877.1
79.6,1648.0,25.8,AT 362,Partial Irrigation,Mild,Poor,4153.7,1106.3
46.4,1543.0,29.6,BG 358,Full Irrigation,None,Excellent,4153.7,2369.8
38.8,2084.0,33.5,BG 358,Rainfed,Severe,Excellent,4194.3,743.3
24.0,1989.0,31.1,AT 362,Rainfed,Mild,Average,4397.3,855.7
56.4,1957.0,27.0,BG 358,Partial Irrigation,None,Average,4113.1,1475.0
107.9,1193.0,31.1,Traditional,Rainfed,Moderate,Poor,4234.9,623.4
53.7,1099.0,26.8,BG 352,Full Irrigation,None,Good,4153.7,1705.2
87.9,1797.0,29.4,BG 352,Partial Irrigation,None,Good,4153.7,2024.6
95.7,1509.0,29.3,BG 352,Full Irrigation,None,Good,4437.9,2857.3
52.8,1789.0,26.5,BG 358,Full Irrigation,Moderate,Excellent,4113.1,2070.4
102.2,1889.0,27.5,BG 352,Rainfed,None,Average,4194.3,1426.2
89.2,1284.0,33.4,BG 358,Full Irrigation,None,Good,4437.9,2577.1
75.9,1270.0,26.5,BG 352,Rainfed,Mild,Good,4316.1,1590.1
20.1,1538.0,32.0,AT 362,Full Irrigation,Moderate,Excellent,4113.1,1308.3
23.5,1256.0,30.7,BG 352,Full Irrigation,None,Good,4275.5,1731.9
119.1,1767.0,29.3,Traditional,Full Irrigation,None,Poor,4437.9,1707.6
98.2,1871.0,25.4,Traditional,Partial Irrigation,Severe,Good,4234.9,705.1
113.8,1514.0,26.0,AT 362,Rainfed,Mild,Excellent,4275.5,1958.1
110.2,1841.0,25.8,AT 362,Rainfed,None,Good,4275.5,1394.7
22.0,1564.0,29.9,AT 362,Rainfed,None,Good,4316.1,1358.7
99.2,1827.0,33.7,Traditional,Full Irrigation,None,Good,4153.7,1541.4
65.1,1192.0,32.8,BG 359,Partial Irrigation,Mild,Good,4397.3,1483.4
99.0,1860.0,24.3,AT 362,Rainfed,Mild,Average,4437.9,1142.9
20.7,1830.0,26.7,BG 359,Rainfed,Mild,Excellent,4153.7,1351.9
48.8,1247.0,25.6,AT 362,Rainfed,None,Poor,4397.3,946.5
95.1,1623.0,33.8,BG 358,Rainfed,Moderate,Excellent,4397.3,1544.3
99.3,2012.0,26.4,BG 352,Full Irrigation,None,Poor,4356.7,1769.0
82.0,1224.0,26.0,Traditional,Full Irrigation,Moderate,Poor,4234.9,1033.9
50.1,1857.0,30.2,AT 362,Partial Irrigation,None,Good,4275.5,1323.4
51.0,2140.0,29.6,AT 362,Full Irrigation,None,Good,4397.3,1932.3
116.7,2026.0,26.3,BG 358,Partial Irrigation,None,Excellent,4153.7,2209.8
63.9,1422.0,30.7,AT 362,Rainfed,None,Average,4397.3,1244.9
64.7,1689.0,25.0,BG 359,Full Irrigation,None,Poor,4437.9,1628.8
75.2,2189.0,24.2,BG 352,Rainfed,Mild,Average,4356.7,1203.5
61.0,1639.0,24.8,Traditional,Full Irrigation,Moderate,Good,4234.9,1191.4
75.3,1050.0,27.6,Traditional,Full Irrigation,None,Average,4316.1,1339.4
63.2,959.0,33.8,Traditional,Rainfed,None,Average,4113.1,761.0
102.7,1927.0,29.5,BG 359,Rainfed,None,Excellent,4437.9,2185.0
110.9,1451.0,31.5,BG 358,Partial Irrigation,Moderate,Good,4234.9,1763.1
113.2,1221.0,27.2,BG 352,Full Irrigation,None,Good,4113.1,2560.7
76.4,1352.0,31.2,AT 362,Rainfed,None,Good,4397.3,1590.9
64.2,1885.0,33.7,Traditional,Full Irrigation,None,Average,4316.1,1265.9
90.5,1505.0,27.6,BG 352,Partial Irrigation,None,Good,4316.1,2178.8
103.8,2029.0,34.0,AT 362,Full Irrigation,Mild,Excellent,4113.1,1923.9
76.3,1855.0,30.4,BG 352,Partial Irrigation,None,Good,4356.7,1401.0
90.0,2166.0,31.5,AT 362,Partial Irrigation,None,Average,4316.1,1325.5
95.0,2055.0,26.5,BG 352,Partial Irrigation,Moderate,Excellent,4397.3,1724.4
87.6,1231.0,30.4,Traditional,Rainfed,None,Poor,4397.3,967.0
94.6,1757.0,29.1,BG 352,Rainfed,Mild,Poor,4153.7,1292.0
40.9,927.0,33.6,BG 359,Rainfed,None,Average,4153.7,1011.0
69.8,2188.0,33.0,AT 362,Full Irrigation,Moderate,Good,4437.9,1534.4
78.8,1239.0,28.0,Traditional,Partial Irrigation,Mild,Average,4275.5,1307.2
20.2,1764.0,33.5,BG 358,Partial Irrigation,None,Average,4234.9,1296.4
105.6,2004.0,32.8,Traditional,Full Irrigation,Moderate,Average,4194.3,1162.2
81.0,1109.0,29.9,BG 352,Full Irrigation,None,Excellent,4316.1,2157.8
32.9,2002.0,24.8,BG 359,Rainfed,None,Average,4356.7,1044.4
101.6,916.0,25.6,Traditional,Partial Irrigation,Mild,Excellent,4113.1,1136.3
91.7,1475.0,24.8,BG 358,Partial Irrigation,Mild,Average,4275.5,1609.5
95.8,1514.0,25.1,BG 359,Full Irrigation,None,Poor,4437.9,1945.1
59.2,1386.0,33.8,BG 359,Full Irrigation,None,Poor,4194.3,1669.5
105.4,1662.0,26.1,BG 358,Partial Irrigation,None,Poor,4194.3,1789.5
61.4,2089.0,30.9,AT 362,Rainfed,Mild,Excellent,4397.3,1252.9
77.1,1325.0,30.4,BG 359,Partial Irrigation,Severe,Average,4113.1,922.0
20.1,1653.0,30.3,AT 362,Rainfed,None,Good,4234.9,1030.8
84.5,2041.0,26.1,BG 359,Full Irrigation,Severe,Excellent,4275.5,1393.5
91.8,1905.0,29.8,Traditional,Full Irrigation,None,Poor,4397.3,1297.5
76.7,953.0,30.3,BG 359,Full Irrigation,Mild,Poor,4153.7,1237.4
69.7,2126.0,29.7,AT 362,Rainfed,Moderate,Excellent,4234.9,1200.0
101.0,961.0,25.9,AT 362,Partial Irrigation,Mild,Good,4153.7,1425.9
88.1,1665.0,31.2,Traditional,Full Irrigation,None,Good,4397.3,1744.9
47.8,1648.0,24.7,Traditional,Partial Irrigation,None,Average,4316.1,1004.4
115.9,1922.0,29.9,BG 358,Full Irrigation,None,Excellent,4275.5,2868.7
90.7,1093.0,28.4,BG 358,Partial Irrigation,Mild,Good,4234.9,1843.5
118.8,1133.0,26.5,BG 358,Partial Irrigation,Severe,Average,4153.7,1042.4
117.1,1878.0,32.1,BG 359,Partial Irrigation,None,Good,4437.9,2127.3
111.9,1094.0,25.8,BG 359,Rainfed,None,Poor,4316.1,1099.4
95.5,1510.0,33.3,BG 352,Partial Irrigation,None,Poor,4194.3,1416.7
80.9,1851.0,32.8,Traditional,Rainfed,Mild,Poor,4234.9,709.1
37.2,1747.0,27.6,Traditional,Full Irrigation,Mild,Excellent,4356.7,1617.6
74.3,1174.0,27.1,AT 362,Partial Irrigation,None,Good,4356.7,1558.1
96.5,1295.0,25.4,BG 358,Partial Irrigation,Mild,Poor,4275.5,1402.0
72.1,2160.0,33.2,Traditional,Full Irrigation,None,Excellent,4194.3,1464.0
106.8,1483.0,30.3,BG 358,Partial Irrigation,Mild,Excellent,4316.1,2096.5
31.0,958.0,24.3,BG 358,Full Irrigation,None,Average,4316.1,1461.6
58.1,1185.0,29.1,Traditional,Partial Irrigation,None,Poor,4316.1,895.2
70.6,1345.0,24.9,Traditional,Full Irrigation,Mild,Average,4113.1,1224.0
63.2,2199.0,29.7,BG 359,Full Irrigation,Mild,Good,4275.5,2118.0
30.9,1293.0,29.1,BG 352,Rainfed,None,Good,4316.1,1492.7
35.4,934.0,24.8,BG 352,Rainfed,Mild,Average,4437.9,966.3
103.8,1567.0,32.2,Traditional,Full Irrigation,None,Poor,4275.5,1380.5
68.4,1009.0,26.6,BG 358,Rainfed,None,Good,4234.9,1535.2
24.9,1256.0,29.4,AT 362,Full Irrigation,Severe,Good,4316.1,1048.0
21.6,2190.0,30.4,BG 358,Rainfed,Severe,Average,4153.7,531.7
67.3,1816.0,33.6,BG 359,Full Irrigation,None,Good,4113.1,2047.9
36.4,966.0,28.9,Traditional,Full Irrigation,Severe,Good,4356.7,731.8
90.5,1483.0,33.2,BG 359,Partial Irrigation,Mild,Good,4437.9,1920.3
99.5,1123.0,27.5,BG 359,Partial Irrigation,None,Poor,4397.3,1544.5
42.8,1060.0,32.6,BG 359,Partial Irrigation,None,Average,4316.1,1272.9
79.2,1663.0,26.4,BG 358,Partial Irrigation,None,Average,4113.1,1736.3
35.4,1557.0,31.1,BG 359,Partial Irrigation,Mild,Excellent,4437.9,1664.6
50.4,1866.0,24.9,BG 359,Rainfed,Severe,Excellent,4275.5,816.7
108.9,2060.0,33.9,BG 352,Rainfed,None,Excellent,4194.3,1510.9
74.4,1221.0,33.5,BG 359,Full Irrigation,None,Average,4437.9,2009.3
108.6,2100.0,28.4,AT 362,Full Irrigation,None,Average,4356.7,2062.5
42.5,1573.0,29.2,BG 352,Partial Irrigation,None,Average,4356.7,1626.9
53.0,1236.0,30.0,Traditional,Full Irrigation,Moderate,Excellent,4194.3,1445.2
67.1,2000.0,26.8,Traditional,Partial Irrigation,None,Good,4437.9,1433.6
68.0,946.0,30.7,AT 362,Partial Irrigation,Mild,Good,4275.5,1230.6
119.8,1627.0,31.0,BG 352,Rainfed,None,Average,4275.5,1567.2
31.4,1838.0,29.3,BG 359,Partial Irrigation,Mild,Good,4356.7,1448.4
105.2,1264.0,25.5,Traditional,Rainfed,Mild,Excellent,4316.1,1289.4
106.4,2023.0,33.2,BG 352,Full Irrigation,Mild,Good,4153.7,1951.3
75.3,1212.0,25.2,AT 362,Rainfed,None,Average,4194.3,1300.9
54.4,1992.0,30.3,Traditional,Partial Irrigation,Mild,Excellent,4234.9,1083.4
71.9,1002.0,25.0,BG 352,Partial Irrigation,Mild,Excellent,4437.9,1519.9
49.2,1108.0,25.5,BG 358,Rainfed,Mild,Excellent,4356.7,1301.9
99.9,1395.0,24.2,AT 362,Partial Irrigation,Mild,Excellent,4234.9,1856.2
69.8,2010.0,27.6,Traditional,Rainfed,Moderate,Average,4356.7,835.9
112.6,1088.0,30.4,AT 362,Rainfed,None,Average,4356.7,1181.5
82.3,2038.0,29.2,BG 359,Full Irrigation,None,Poor,4234.9,1790.7
71.4,1199.0,30.7,AT 362,Partial Irrigation,Severe,Average,4234.9,635.2
91.1,1488.0,30.8,BG 359,Partial Irrigation,None,Good,4437.9,2232.3
70.4,1359.0,25.4,BG 359,Rainfed,Moderate,Good,4316.1,1255.4
110.5,1054.0,24.6,AT 362,Rainfed,Mild,Poor,4153.7,880.8
38.4,2128.0,30.3,BG 352,Partial Irrigation,Moderate,Excellent,4356.7,1075.4
117.3,1470.0,30.5,BG 358,Full Irrigation,Mild,Poor,4316.1,1913.7
101.2,1797.0,29.6,BG 352,Rainfed,Moderate,Poor,4275.5,1177.9
106.1,1648.0,26.5,AT 362,Full Irrigation,Mild,Good,4356.7,2557.1
68.3,1552.0,32.1,AT 362,Rainfed,None,Poor,4437.9,1129.8
103.7,1702.0,24.8,BG 352,Partial Irrigation,None,Excellent,4194.3,2197.0
50.7,2068.0,30.3,BG 352,Rainfed,None,Poor,4234.9,919.8
96.2,1809.0,25.2,BG 358,Full Irrigation,None,Poor,4153.7,1630.6
34.0,1592.0,30.5,BG 358,Full Irrigation,Severe,Excellent,4316.1,1218.8
50.7,1739.0,28.2,BG 359,Full Irrigation,None,Average,4234.9,2085.0
64.6,1688.0,31.2,BG 359,Full Irrigation,Mild,Good,4234.9,2057.8
52.2,1463.0,24.5,BG 358,Full Irrigation,None,Good,4356.7,2168.6
58.7,1712.0,29.6,BG 352,Partial Irrigation,None,Poor,4234.9,1382.2
102.0,1477.0,25.4,AT 362,Full Irrigation,Severe,Good,4275.5,1168.7
45.7,1885.0,30.8,AT 362,Rainfed,None,Good,4234.9,1067.1
94.5,2160.0,25.2,AT 362,Partial Irrigation,Mild,Poor,4194.3,1077.7
27.4,2148.0,24.7,Traditional,Full Irrigation,None,Excellent,4153.7,1268.3
96.6,1967.0,31.1,Traditional,Partial Irrigation,None,Excellent,4397.3,1428.1
99.2,1682.0,24.6,Traditional,Full Irrigation,None,Excellent,4113.1,2068.4
60.2,1874.0,26.2,AT 362,Partial Irrigation,Mild,Poor,4194.3,1029.8
92.2,1131.0,32.2,BG 352,Partial Irrigation,None,Poor,4356.7,1183.5
111.5,1523.0,32.1,BG 358,Rainfed,Moderate,Excellent,4153.7,1653.9
100.1,1234.0,32.5,BG 359,Rainfed,Mild,Average,4316.1,1583.2
59.0,905.0,27.3,AT 362,Full Irrigation,None,Good,4356.7,1861.6
68.4,2157.0,29.3,Traditional,Full Irrigation,None,Average,4316.1,1463.9
97.9,2023.0,31.7,AT 362,Partial Irrigation,None,Poor,4194.3,1177.7
49.3,1568.0,25.4,BG 358,Full Irrigation,Mild,Good,4113.1,1977.6
100.4,1230.0,31.2,AT 362,Rainfed,None,Poor,4397.3,1287.2
52.8,1801.0,25.0,AT 362,Full Irrigation,None,Poor,4194.3,1150.9
100.6,1465.0,33.1,AT 362,Partial Irrigation,None,Good,4397.3,1941.0
28.7,1944.0,30.4,BG 359,Partial Irrigation,None,Poor,4153.7,949.1
24.4,2199.0,28.9,AT 362,Rainfed,Mild,Poor,4153.7,825.3
119.8,1354.0,28.8,BG 358,Partial Irrigation,None,Excellent,4397.3,2936.4
106.9,1218.0,25.8,BG 358,Full Irrigation,None,Good,4437.9,2868.7
108.3,1248.0,27.5,BG 358,Full Irrigation,None,Good,4397.3,3087.3
115.1,1021.0,31.3,BG 358,Partial Irrigation,Mild,Poor,4356.7,1159.5
63.8,1412.0,29.4,AT 362,Rainfed,Mild,Poor,4194.3,1182.1
48.7,923.0,29.3,BG 358,Rainfed,None,Average,4437.9,1267.1
33.0,1049.0,26.0,BG 352,Rainfed,None,Average,4356.7,895.2
70.1,1253.0,30.9,BG 352,Rainfed,Mild,Average,4153.7,1240.8
42.0,1108.0,27.9,Traditional,Full Irrigation,None,Poor,4153.7,1015.8
113.6,1852.0,25.8,BG 359,Rainfed,Mild,Excellent,4397.3,1750.5
20.4,1037.0,33.4,BG 359,Rainfed,None,Average,4194.3,925.4
34.3,2026.0,29.1,Traditional,Rainfed,None,Excellent,4356.7,1093.0
44.6,1187.0,29.3,BG 352,Partial Irrigation,None,Average,4153.7,1188.0
39.9,1041.0,33.8,Traditional,Partial Irrigation,None,Average,4194.3,783.0
42.6,913.0,27.7,AT 362,Rainfed,Mild,Poor,4194.3,846.5
85.6,1830.0,33.4,AT 362,Partial Irrigation,None,Good,4194.3,1508.0
52.8,1234.0,30.9,BG 359,Rainfed,None,Poor,4356.7,1126.9
81.5,1562.0,30.3,AT 362,Full Irrigation,None,Good,4437.9,2142.5
109.0,1045.0,26.3,BG 358,Rainfed,None,Excellent,4437.9,2063.7
80.3,2181.0,24.5,BG 358,Rainfed,Mild,Average,4356.7,1128.5
89.5,1063.0,28.4,Traditional,Partial Irrigation,Mild,Excellent,4153.7,1291.0
56.6,1436.0,24.1,BG 358,Full Irrigation,Severe,Good,4437.9,1355.6
36.0,2007.0,24.7,AT 362,Partial Irrigation,None,Poor,4275.5,1006.4
52.1,1218.0,30.0,Traditional,Rainfed,None,Poor,4275.5,910.6
116.4,1247.0,31.2,BG 359,Partial Irrigation,None,Good,4356.7,2444.8
82.2,1951.0,25.7,BG 358,Rainfed,Moderate,Good,4356.7,1251.9
47.8,1255.0,31.3,Traditional,Rainfed,None,Poor,4437.9,788.4
65.1,904.0,33.5,Traditional,Full Irrigation,None,Good,4316.1,1318.1
103.6,1456.0,31.4,BG 359,Full Irrigation,Mild,Excellent,4316.1,2869.7
86.8,916.0,31.8,BG 352,Rainfed,None,Poor,4356.7,934.0
76.1,2083.0,31.0,BG 359,Partial Irrigation,None,Excellent,4194.3,1891.7
108.5,1734.0,26.2,BG 359,Partial Irrigation,None,Good,4194.3,2526.6
87.2,1658.0,27.6,BG 352,Full Irrigation,Mild,Good,4316.1,2413.4
84.3,1162.0,33.5,BG 359,Full Irrigation,Mild,Poor,4113.1,1306.2
39.0,1810.0,30.6,BG 352,Partial Irrigation,None,Good,4194.3,1327.9
30.6,1780.0,31.9,AT 362,Rainfed,Mild,Average,4356.7,1008.2
116.5,979.0,33.7,BG 359,Rainfed,None,Average,4437.9,1519.6
79.9,2045.0,26.3,AT 362,Rainfed,None,Excellent,4275.5,1663.1
61.6,1653.0,27.2,BG 359,Full Irrigation,Moderate,Poor,4234.9,1462.1
78.9,1930.0,30.4,AT 362,Full Irrigation,Mild,Poor,4234.9,1189.5
26.2,1242.0,24.2,AT 362,Full Irrigation,Moderate,Average,4356.7,1136.8
102.2,1059.0,29.7,BG 352,Rainfed,Mild,Good,4275.5,1466.4
41.7,1813.0,32.1,BG 359,Rainfed,None,Poor,4113.1,892.6
100.5,1932.0,30.1,AT 362,Rainfed,None,Excellent,4275.5,1597.1
73.4,1402.0,27.0,BG 359,Partial Irrigation,None,Good,4234.9,2247.0
47.7,931.0,31.2,BG 358,Rainfed,None,Excellent,4356.7,1398.1
23.0,1964.0,25.5,Traditional,Partial Irrigation,None,Average,4397.3,822.1
101.6,1168.0,32.9,BG 352,Full Irrigation,None,Poor,4437.9,1433.7
37.6,1341.0,25.0,Traditional,Rainfed,None,Poor,4316.1,769.9
25.2,1717.0,32.6,AT 362,Full Irrigation,Moderate,Good,4234.9,1280.9
95.6,1030.0,29.0,BG 358,Partial Irrigation,None,Good,4234.9,1893.7
55.0,994.0,28.3,BG 352,Full Irrigation,None,Good,4153.7,1839.8
58.9,933.0,29.0,Traditional,Rainfed,Mild,Excellent,4437.9,1072.8
44.7,2092.0,26.0,BG 359,Rainfed,Mild,Excellent,4397.3,1468.3
105.9,1305.0,28.6,Traditional,Rainfed,None,Good,4397.3,1607.2
49.7,1759.0,32.5,Traditional,Full Irrigation,Mild,Poor,4194.3,958.7
41.0,2186.0,32.0,BG 352,Full Irrigation,Mild,Good,4194.3,1579.5
50.9,1770.0,25.6,AT 362,Rainfed,Moderate,Excellent,4397.3,1098.3
40.3,1583.0,30.7,BG 358,Partial Irrigation,None,Excellent,4275.5,1840.3
51.8,1577.0,32.6,Traditional,Full Irrigation,None,Excellent,4356.7,1625.4
28.3,1390.0,32.2,BG 358,Full Irrigation,Mild,Poor,4275.5,1194.7
35.9,1680.0,28.3,BG 352,Full Irrigation,None,Average,4234.9,1869.1
61.7,2146.0,24.5,AT 362,Full Irrigation,Mild,Good,4316.1,1459.4
107.9,1924.0,33.3,BG 359,Full Irrigation,Mild,Poor,4397.3,1626.7
25.7,1451.0,28.0,BG 359,Full Irrigation,Mild,Average,4234.9,1834.2
41.3,1332.0,27.6,BG 358,Full Irrigation,Severe,Poor,4397.3,949.1
110.8,2049.0,31.6,BG 359,Partial Irrigation,Mild,Poor,4194.3,1262.5
109.0,1077.0,26.6,Traditional,Partial Irrigation,Moderate,Poor,4234.9,829.0
87.9,2004.0,32.3,AT 362,Partial Irrigation,Mild,Excellent,4437.9,1610.4
44.0,1232.0,24.8,Traditional,Full Irrigation,None,Excellent,4437.9,1586.4
62.0,1830.0,31.4,BG 358,Rainfed,Mild,Average,4437.9,1219.7
41.1,1948.0,33.7,Traditional,Full Irrigation,Mild,Poor,4194.3,783.6
32.9,1520.0,34.0,BG 358,Partial Irrigation,Severe,Average,4397.3,784.9
58.0,1150.0,33.2,Traditional,Rainfed,None,Average,4437.9,823.6
77.6,1998.0,32.7,Traditional,Partial Irrigation,None,Poor,4437.9,864.9
56.0,1378.0,26.8,BG 352,Rainfed,Moderate,Good,4113.1,1309.6
81.1,1317.0,33.7,Traditional,Full Irrigation,None,Excellent,4356.7,1828.7
49.6,1563.0,33.3,AT 362,Partial Irrigation,Mild,Excellent,4437.9,1646.6
54.6,1466.0,29.3,AT 362,Partial Irrigation,None,Excellent,4356.7,2054.1
99.1,1788.0,28.0,BG 359,Rainfed,None,Excellent,4194.3,2258.1
107.8,1078.0,25.1,BG 358,Rainfed,None,Poor,4356.7,1124.1
52.2,1466.0,29.9,Traditional,Full Irrigation,Moderate,Good,4113.1,1263.3
77.2,2059.0,31.0,BG 352,Full Irrigation,None,Good,4275.5,1960.8
47.8,947.0,28.0,Traditional,Rainfed,Mild,Poor,4316.1,631.1
25.3,1495.0,28.1,BG 358,Full Irrigation,Mild,Poor,4275.5,1393.0
93.8,1759.0,29.7,AT 362,Partial Irrigation,Mild,Good,4356.7,2066.4
37.1,2054.0,24.3,BG 359,Partial Irrigation,None,Good,4194.3,1392.6
62.6,1672.0,33.6,BG 358,Partial Irrigation,None,Poor,4316.1,1388.7
68.7,1972.0,26.9,BG 358,Full Irrigation,Moderate,Average,4316.1,1565.7
38.4,1189.0,25.4,BG 358,Full Irrigation,None,Poor,4316.1,1200.8
29.5,1359.0,24.1,Traditional,Partial Irrigation,None,Poor,4194.3,843.6
54.8,2125.0,32.6,AT 362,Partial Irrigation,Severe,Good,4194.3,734.6
115.2,2052.0,32.6,AT 362,Full Irrigation,None,Good,4194.3,2010.7
81.5,1625.0,25.0,AT 362,Partial Irrigation,None,Excellent,4275.5,1876.9
58.1,1518.0,25.5,BG 359,Partial Irrigation,Severe,Excellent,4316.1,1088.4
23.9,1486.0,28.5,Traditional,Partial Irrigation,None,Poor,4234.9,873.5
80.0,976.0,25.9,BG 358,Partial Irrigation,None,Average,4234.9,1356.9
29.2,2060.0,31.4,Traditional,Rainfed,None,Excellent,4194.3,948.3
74.3,1964.0,24.6,BG 358,Rainfed,Mild,Poor,4153.7,988.4
95.2,1493.0,29.5,BG 358,Partial Irrigation,Moderate,Excellent,4316.1,2017.2
62.4,1263.0,27.8,BG 359,Rainfed,Mild,Excellent,4397.3,1977.8
49.9,1346.0,28.6,AT 362,Partial Irrigation,Severe,Poor,4194.3,654.1
24.7,1060.0,28.2,AT 362,Full Irrigation,None,Poor,4397.3,1225.5
22.5,1838.0,25.5,AT 362,Rainfed,Mild,Good,4316.1,993.3
63.0,1624.0,26.2,BG 352,Partial Irrigation,None,Average,4153.7,1809.8
108.3,1204.0,24.6,BG 352,Full Irrigation,Moderate,Excellent,4234.9,2142.8
44.4,1710.0,25.2,Traditional,Rainfed,Severe,Good,4113.1,546.7
77.4,2173.0,33.8,Traditional,Full Irrigation,None,Good,4113.1,1448.0
88.4,1059.0,26.8,BG 352,Rainfed,Moderate,Poor,4234.9,837.2
26.1,1496.0,27.1,Traditional,Full Irrigation,Mild,Average,4275.5,1192.1
35.3,1542.0,25.3,BG 358,Partial Irrigation,None,Poor,4397.3,1235.1
53.1,1117.0,31.6,Traditional,Rainfed,Mild,Poor,4153.7,596.4
87.0,1591.0,33.2,Traditional,Full Irrigation,Severe,Poor,4397.3,685.7
63.9,1688.0,31.9,AT 362,Rainfed,None,Excellent,4194.3,1440.8
93.4,1105.0,30.1,BG 352,Partial Irrigation,None,Poor,4153.7,1123.9
106.8,1101.0,32.1,AT 362,Partial Irrigation,Severe,Good,4356.7,888.7
95.8,2013.0,28.0,BG 352,Full Irrigation,None,Good,4356.7,2317.8
119.2,1305.0,32.6,BG 358,Partial Irrigation,None,Poor,4316.1,1734.4
95.4,1719.0,32.0,AT 362,Full Irrigation,Mild,Excellent,4153.7,2280.5
105.2,1715.0,24.0,BG 352,Partial Irrigation,Mild,Good,4153.7,1867.5
103.2,1991.0,28.9,BG 358,Partial Irrigation,None,Poor,4234.9,1595.4
93.0,1862.0,26.6,AT 362,Partial Irrigation,None,Poor,4275.5,1341.8
100.2,1993.0,24.9,BG 352,Full Irrigation,Moderate,Good,4437.9,1798.5
113.5,1713.0,32.5,BG 358,Partial Irrigation,None,Good,4194.3,2174.7
67.5,1484.0,24.1,BG 352,Rainfed,Mild,Average,4153.7,1218.3
83.8,1412.0,31.3,AT 362,Full Irrigation,Moderate,Average,4437.9,1628.7
71.5,1393.0,33.9,BG 352,Partial Irrigation,None,Poor,4153.7,1307.3
105.1,1444.0,28.8,BG 358,Partial Irrigation,Moderate,Poor,4113.1,1314.5
63.1,1068.0,27.7,BG 359,Rainfed,Mild,Good,4234.9,1294.8
102.0,1451.0,30.1,BG 358,Full Irrigation,Severe,Average,4234.9,1220.1
99.9,1406.0,32.0,BG 358,Rainfed,None,Average,4316.1,1665.7
116.2,945.0,26.4,Traditional,Full Irrigation,None,Average,4397.3,1603.5
44.9,1258.0,26.5,AT 362,Rainfed,Mild,Good,4437.9,1533.1
91.0,1877.0,30.1,BG 352,Partial Irrigation,Moderate,Average,4194.3,1136.4
95.7,1651.0,33.4,Traditional,Rainfed,Severe,Average,4437.9,618.3
113.6,1948.0,27.0,BG 359,Partial Irrigation,None,Average,4316.1,1919.2
110.7,1605.0,27.8,BG 352,Full Irrigation,None,Good,4113.1,2835.9
77.4,2010.0,33.9,Traditional,Partial Irrigation,None,Poor,4437.9,908.7
77.9,1935.0,25.8,BG 358,Partial Irrigation,Mild,Excellent,4153.7,1565.6
36.7,1028.0,24.8,BG 358,Rainfed,Moderate,Good,4316.1,901.0
117.5,2170.0,29.9,BG 352,Full Irrigation,Mild,Poor,4397.3,1698.7
45.5,919.0,24.2,Traditional,Partial Irrigation,None,Excellent,4194.3,1008.3
92.5,1676.0,25.8,BG 358,Partial Irrigation,Severe,Excellent,4194.3,1212.9
99.6,1930.0,30.2,BG 359,Full Irrigation,None,Poor,4275.5,1627.8
64.1,1331.0,30.6,BG 358,Partial Irrigation,None,Poor,4397.3,1376.6
41.1,1678.0,29.1,Traditional,Full Irrigation,Mild,Poor,4194.3,1041.7
38.9,1371.0,27.8,AT 362,Rainfed,None,Poor,4316.1,1042.9
105.6,979.0,29.8,BG 359,Partial Irrigation,Mild,Good,4275.5,1796.5
71.1,911.0,30.4,BG 358,Partial Irrigation,Mild,Poor,4153.7,996.2
29.0,1023.0,32.0,AT 362,Rainfed,None,Average,4356.7,838.2
91.7,1028.0,31.9,BG 359,Partial Irrigation,None,Excellent,4397.3,1945.0
45.0,1694.0,30.6,Traditional,Full Irrigation,None,Good,4316.1,1453.1
107.6,1584.0,32.9,AT 362,Full Irrigation,Mild,Good,4153.7,2165.4
51.0,1492.0,32.4,BG 352,Full Irrigation,None,Poor,4153.7,1512.5
40.0,1799.0,25.3,Traditional,Full Irrigation,None,Excellent,4234.9,1552.1
28.5,922.0,33.6,BG 352,Full Irrigation,None,Poor,4275.5,1076.9
71.2,1252.0,32.9,BG 358,Rainfed,Mild,Good,4275.5,1550.2
65.1,1911.0,27.2,BG 359,Full Irrigation,None,Good,4194.3,2285.8
95.1,2083.0,24.2,BG 358,Partial Irrigation,None,Average,4275.5,1604.0
66.5,1470.0,30.0,Traditional,Full Irrigation,None,Excellent,4194.3,1674.5
54.4,1006.0,28.4,Traditional,Partial Irrigation,None,Excellent,4356.7,1215.6
46.2,1938.0,31.5,BG 352,Rainfed,None,Poor,4397.3,941.4
47.8,2051.0,29.2,BG 358,Partial Irrigation,None,Excellent,4316.1,1899.7
112.8,1438.0,24.8,BG 358,Full Irrigation,Mild,Poor,4113.1,1855.8
36.5,1216.0,26.4,AT 362,Rainfed,None,Excellent,4437.9,1669.6
118.8,957.0,32.8,BG 359,Partial Irrigation,None,Excellent,4113.1,1906.0
52.7,1668.0,24.4,AT 362,Partial Irrigation,Severe,Good,4437.9,926.1
28.8,2083.0,31.4,BG 352,Partial Irrigation,None,Excellent,4113.1,1206.7
44.9,1781.0,26.9,BG 359,Full Irrigation,None,Excellent,4275.5,2819.2
25.8,1312.0,28.5,BG 358,Rainfed,None,Good,4113.1,1397.7
99.0,1736.0,29.3,BG 358,Partial Irrigation,None,Poor,4113.1,1751.7
71.3,1982.0,26.5,AT 362,Full Irrigation,None,Average,4356.7,1846.3
53.7,1519.0,30.5,BG 352,Partial Irrigation,Moderate,Excellent,4356.7,1482.3
86.2,1966.0,30.9,BG 352,Rainfed,None,Poor,4153.7,999.4
83.1,1409.0,24.9,BG 359,Rainfed,Mild,Excellent,4437.9,1665.3
114.0,1353.0,27.7,AT 362,Partial Irrigation,Severe,Poor,4194.3,881.2
116.1,1658.0,31.4,BG 359,Full Irrigation,None,Good,4194.3,2680.2
88.1,1504.0,31.2,BG 352,Rainfed,Mild,Good,4194.3,1340.1
101.8,2170.0,29.4,AT 362,Rainfed,None,Poor,4275.5,1201.8
99.2,1571.0,31.8,BG 358,Partial Irrigation,None,Average,4153.7,1723.9
69.1,1401.0,25.1,AT 362,Rainfed,Moderate,Poor,4234.9,838.4
90.4,1413.0,25.2,BG 358,Rainfed,None,Average,4153.7,1491.1
27.8,1612.0,30.6,Traditional,Rainfed,Severe,Excellent,4113.1,586.3
95.8,1361.0,30.9,BG 358,Partial Irrigation,Mild,Poor,4234.9,1391.0
116.2,1840.0,32.1,Traditional,Full Irrigation,None,Excellent,4356.7,1865.1
28.5,1395.0,25.8,BG 358,Rainfed,None,Good,4356.7,1372.6
103.6,1399.0,29.2,AT 362,Full Irrigation,Mild,Good,4234.9,2223.2
113.3,1702.0,30.6,BG 359,Full Irrigation,None,Average,4194.3,2336.4
42.6,979.0,26.2,BG 352,Rainfed,None,Excellent,4397.3,1440.5
72.5,1752.0,29.2,BG 352,Full Irrigation,None,Average,4356.7,2244.3
112.8,1556.0,30.4,BG 359,Rainfed,None,Good,4397.3,1975.1
116.0,1489.0,26.1,BG 352,Full Irrigation,Severe,Poor,4437.9,1141.6
32.8,1835.0,27.8,AT 362,Full Irrigation,None,Excellent,4397.3,1977.1
54.9,1886.0,26.2,BG 352,Full Irrigation,None,Good,4437.9,2103.5
89.8,2000.0,33.0,BG 359,Partial Irrigation,Mild,Poor,4234.9,1268.4
42.2,1387.0,26.4,BG 358,Partial Irrigation,Mild,Good,4234.9,1729.8
52.5,1325.0,25.2,BG 352,Rainfed,Moderate,Poor,4194.3,741.5
22.3,1829.0,24.4,BG 358,Partial Irrigation,Severe,Average,4194.3,648.7
35.4,1656.0,24.4,BG 359,Full Irrigation,None,Good,4356.7,2041.7
76.2,1721.0,25.9,BG 358,Rainfed,None,Excellent,4356.7,1962.4
85.3,1622.0,30.1,BG 358,Rainfed,Mild,Average,4397.3,1440.5
84.9,1905.0,24.2,BG 358,Full Irrigation,None,Poor,4153.7,1523.6
97.8,1147.0,26.9,BG 358,Partial Irrigation,Mild,Average,4275.5,1598.8
61.5,1622.0,24.6,BG 359,Partial Irrigation,None,Excellent,4153.7,1924.2
47.3,1106.0,28.0,Traditional,Rainfed,Moderate,Excellent,4437.9,821.4
21.6,1429.0,24.5,BG 359,Rainfed,Mild,Poor,4194.3,890.8
40.7,1763.0,30.1,BG 359,Full Irrigation,Mild,Poor,4153.7,1309.7
51.2,1541.0,30.9,AT 362,Partial Irrigation,None,Excellent,4316.1,1678.1
37.8,1393.0,31.3,BG 359,Full Irrigation,Severe,Good,4397.3,1235.8
22.0,2050.0,26.2,Traditional,Partial Irrigation,Mild,Good,4437.9,1056.4
35.7,1905.0,32.7,BG 359,Partial Irrigation,Moderate,Poor,4113.1,817.8
86.6,1584.0,30.9,BG 358,Rainfed,Moderate,Average,4194.3,1241.9
83.0,2135.0,24.6,BG 359,Partial Irrigation,None,Excellent,4153.7,1818.4
113.6,1452.0,28.4,AT 362,Rainfed,None,Poor,4194.3,1538.8
99.8,1924.0,31.7,BG 358,Full Irrigation,None,Poor,4275.5,1629.1
76.8,1118.0,27.1,BG 358,Partial Irrigation,Mild,Average,4194.3,1540.0
33.8,1272.0,27.8,BG 359,Full Irrigation,Mild,Good,4113.1,2176.4
76.4,1340.0,30.3,Traditional,Partial Irrigation,None,Excellent,4275.5,1365.7
26.2,1038.0,24.6,BG 358,Partial Irrigation,Severe,Good,4113.1,705.7
63.1,1552.0,33.7,BG 359,Partial Irrigation,None,Average,4194.3,1594.6
59.0,1150.0,25.7,AT 362,Partial Irrigation,Mild,Average,4113.1,977.6
62.8,1724.0,24.3,AT 362,Partial Irrigation,None,Poor,4113.1,1173.0
48.0,1147.0,24.1,BG 352,Full Irrigation,None,Average,4234.9,1305.8
88.6,1061.0,28.0,BG 358,Full Irrigation,None,Poor,4397.3,1767.2
104.1,2160.0,32.8,Traditional,Rainfed,Mild,Poor,4356.7,752.8
96.9,1756.0,32.2,Traditional,Rainfed,Mild,Good,4113.1,1116.6
82.8,2117.0,33.1,AT 362,Rainfed,None,Average,4113.1,1176.4
73.8,1537.0,29.3,BG 352,Full Irrigation,None,Good,4234.9,2472.4
23.1,943.0,28.5,BG 359,Rainfed,Mild,Poor,4316.1,846.8
92.3,1647.0,27.9,BG 352,Partial Irrigation,None,Good,4356.7,2267.7
74.5,1626.0,24.5,BG 358,Full Irrigation,Mild,Poor,4397.3,1538.4
47.1,919.0,33.1,Traditional,Rainfed,None,Good,4234.9,796.3
52.8,2020.0,29.0,BG 358,Rainfed,Moderate,Good,4153.7,1132.8
113.6,1706.0,28.6,BG 352,Rainfed,Mild,Average,4113.1,1627.7
82.4,1868.0,29.2,AT 362,Rainfed,None,Poor,4153.7,1103.1
67.6,1542.0,31.9,AT 362,Rainfed,Mild,Excellent,4113.1,1401.7
82.1,1704.0,26.2,AT 362,Partial Irrigation,None,Poor,4397.3,1515.8
61.4,1235.0,31.1,Traditional,Full Irrigation,Severe,Poor,4194.3,592.9
67.0,2166.0,31.1,AT 362,Rainfed,Mild,Average,4397.3,1094.0
49.0,1421.0,32.5,AT 362,Partial Irrigation,None,Excellent,4275.5,1615.3
64.0,1111.0,24.1,Traditional,Rainfed,Mild,Average,4275.5,735.4
88.6,973.0,25.7,BG 358,Rainfed,None,Average,4275.5,1240.5
24.0,1727.0,28.7,BG 359,Partial Irrigation,Moderate,Good,4397.3,1472.5
99.5,2178.0,32.5,BG 359,Full Irrigation,Severe,Average,4113.1,1035.2
48.3,2065.0,33.7,AT 362,Rainfed,Mild,Good,4113.1,1057.5
88.3,1813.0,29.9,BG 359,Full Irrigation,None,Average,4234.9,2301.7
84.3,2188.0,26.1,BG 359,Full Irrigation,Mild,Good,4234.9,2336.8
85.3,1840.0,25.8,BG 352,Rainfed,None,Average,4275.5,1241.3
80.8,1341.0,30.4,AT 362,Rainfed,None,Average,4356.7,1316.6
115.9,1682.0,26.1,BG 352,Rainfed,Moderate,Average,4316.1,1575.0
70.8,1004.0,29.5,BG 359,Full Irrigation,None,Average,4194.3,1792.5
93.2,1188.0,32.3,BG 359,Rainfed,None,Excellent,4194.3,1628.9
90.5,1443.0,27.9,AT 362,Partial Irrigation,None,Average,4356.7,1867.4
43.6,1162.0,27.8,BG 359,Partial Irrigation,Severe,Excellent,4153.7,927.7
48.3,2140.0,24.4,BG 352,Rainfed,Severe,Good,4275.5,668.8
62.4,2194.0,26.5,BG 359,Rainfed,None,Good,4275.5,1580.3
47.8,1382.0,31.0,BG 358,Rainfed,None,Average,4356.7,1353.0
56.7,1822.0,27.6,BG 358,Rainfed,Moderate,Average,4356.7,1094.9
59.1,1430.0,25.6,BG 358,Partial Irrigation,None,Excellent,4275.5,2183.3
80.4,1081.0,25.1,BG 352,Full Irrigation,Severe,Poor,4194.3,743.4
42.0,1338.0,25.0,Traditional,Partial Irrigation,Moderate,Good,4234.9,917.7
100.4,1203.0,30.6,BG 358,Rainfed,Mild,Excellent,4234.9,1861.2
63.8,1327.0,30.1,BG 359,Rainfed,None,Good,4153.7,1687.3
90.6,1180.0,29.2,Traditional,Full Irrigation,Mild,Poor,4316.1,1052.1
28.1,1046.0,29.0,BG 358,Full Irrigation,Severe,Good,4153.7,934.7
67.0,1183.0,25.5,Traditional,Partial Irrigation,None,Poor,4316.1,724.0
22.8,2077.0,29.0,BG 359,Partial Irrigation,Moderate,Excellent,4356.7,1388.3
87.6,1011.0,24.6,Traditional,Rainfed,None,Average,4437.9,925.4
54.4,1322.0,33.3,BG 359,Full Irrigation,Severe,Average,4153.7,984.5
114.9,1587.0,24.6,BG 352,Rainfed,Mild,Excellent,4356.7,1927.2
52.4,1361.0,28.2,Traditional,Rainfed,None,Average,4113.1,989.2
76.4,1573.0,24.0,Traditional,Full Irrigation,None,Poor,4234.9,1177.4
45.7,956.0,31.9,Traditional,Rainfed,None,Excellent,4153.7,881.9
82.0,1743.0,25.7,BG 352,Rainfed,None,Good,4153.7,1633.7
66.7,1633.0,33.2,Traditional,Partial Irrigation,Moderate,Good,4153.7,946.4
57.1,1785.0,24.4,BG 358,Rainfed,None,Poor,4113.1,1113.6
40.4,1637.0,32.2,Traditional,Rainfed,Severe,Average,4397.3,511.6
31.2,1469.0,30.6,Traditional,Partial Irrigation,None,Average,4113.1,958.0
32.0,1355.0,26.5,BG 352,Rainfed,Mild,Average,4234.9,1201.7
119.9,1194.0,26.0,BG 358,Full Irrigation,Severe,Good,4356.7,1466.4
61.2,1550.0,27.6,BG 358,Rainfed,Mild,Poor,4437.9,1244.3
20.2,934.0,32.3,BG 358,Partial Irrigation,Moderate,Average,4397.3,921.6
115.3,1327.0,32.6,BG 359,Rainfed,Severe,Excellent,4153.7,1139.1
22.0,1781.0,25.8,BG 359,Full Irrigation,Mild,Good,4437.9,1777.9
61.9,1041.0,27.5,AT 362,Full Irrigation,Mild,Average,4316.1,1550.8
91.7,982.0,26.4,AT 362,Full Irrigation,None,Poor,4153.7,1419.7
111.5,1748.0,25.2,BG 358,Rainfed,None,Poor,4275.5,1424.8
91.3,1417.0,30.5,BG 352,Rainfed,None,Average,4437.9,1451.3
66.4,1942.0,27.5,AT 362,Full Irrigation,Moderate,Poor,4234.9,1251.0
117.4,2119.0,26.3,BG 352,Full Irrigation,Mild,Poor,4153.7,1825.2
23.9,2144.0,32.7,BG 352,Rainfed,Mild,Excellent,4397.3,1109.6
118.7,1453.0,31.5,AT 362,Rainfed,Severe,Excellent,4437.9,1090.1
104.9,1244.0,31.7,BG 358,Partial Irrigation,None,Good,4437.9,2233.2
112.9,1691.0,24.4,BG 352,Partial Irrigation,Severe,Excellent,4437.9,1259.2
45.5,1717.0,33.2,BG 358,Partial Irrigation,None,Average,4397.3,1547.3
34.2,1709.0,29.7,BG 359,Full Irrigation,None,Good,4275.5,2278.5
86.3,1318.0,29.0,Traditional,Partial Irrigation,Mild,Excellent,4153.7,1465.5
71.6,983.0,24.1,Traditional,Full Irrigation,None,Poor,4316.1,976.7
72.3,1173.0,33.0,AT 362,Full Irrigation,Mild,Average,4153.7,1288.7
112.5,1101.0,29.4,Traditional,Partial Irrigation,Mild,Poor,4275.5,980.1
82.0,1061.0,32.3,BG 359,Full Irrigation,Moderate,Excellent,4316.1,1693.1
51.1,2104.0,30.6,BG 359,Partial Irrigation,None,Excellent,4437.9,1740.3
60.0,918.0,32.0,Traditional,Rainfed,None,Good,4194.3,892.7
33.3,1682.0,30.9,BG 358,Rainfed,None,Good,4194.3,1392.9
39.2,2132.0,33.2,Traditional,Partial Irrigation,None,Average,4356.7,953.0
34.3,1368.0,26.3,Traditional,Full Irrigation,None,Poor,4113.1,1131.2
101.0,1585.0,26.0,BG 358,Full Irrigation,None,Excellent,4316.1,3216.1
90.5,1805.0,31.1,AT 362,Rainfed,Moderate,Excellent,4356.7,1208.8
73.0,1312.0,29.0,AT 362,Rainfed,Severe,Excellent,4275.5,918.4
57.4,1521.0,30.0,AT 362,Partial Irrigation,Moderate,Average,4234.9,1329.5
86.8,1962.0,31.1,BG 358,Partial Irrigation,None,Poor,4397.3,1359.5
101.3,1869.0,29.5,Traditional,Full Irrigation,Mild,Good,4234.9,1773.7
108.1,1951.0,31.9,BG 359,Rainfed,None,Poor,4356.7,1220.7
74.7,2184.0,27.2,BG 352,Full Irrigation,None,Poor,4275.5,1529.2
102.0,1381.0,32.6,BG 352,Partial Irrigation,None,Excellent,4113.1,2102.1
71.1,1871.0,25.1,AT 362,Partial Irrigation,Severe,Excellent,4275.5,890.8
67.5,1684.0,30.3,BG 359,Partial Irrigation,Mild,Average,4113.1,1501.3
106.5,1767.0,32.9,BG 352,Full Irrigation,None,Good,4437.9,2535.4
58.6,1862.0,26.5,BG 359,Partial Irrigation,Mild,Good,4316.1,1665.9
59.6,1875.0,27.3,BG 359,Partial Irrigation,Severe,Poor,4234.9,701.2
50.5,2051.0,27.1,BG 352,Full Irrigation,None,Poor,4275.5,1465.1
71.9,1354.0,29.6,BG 358,Rainfed,Moderate,Average,4316.1,1234.2
74.5,1750.0,28.1,BG 359,Partial Irrigation,None,Excellent,4194.3,2268.0
86.0,1264.0,25.1,AT 362,Full Irrigation,None,Average,4194.3,1817.3
63.1,1673.0,32.9,AT 362,Full Irrigation,Moderate,Good,4234.9,1535.5
41.8,1877.0,26.0,BG 352,Rainfed,None,Poor,4194.3,1052.6
106.7,1928.0,29.3,AT 362,Full Irrigation,Mild,Excellent,4356.7,2459.6
54.6,1446.0,29.9,Traditional,Full Irrigation,None,Excellent,4113.1,1893.6
112.3,1561.0,24.4,BG 352,Partial Irrigation,Mild,Average,4397.3,1745.0
40.7,1334.0,25.0,Traditional,Full Irrigation,Mild,Poor,4234.9,959.4
76.0,1120.0,33.7,BG 352,Partial Irrigation,Moderate,Excellent,4316.1,1371.2
73.7,1239.0,30.6,AT 362,Partial Irrigation,Moderate,Excellent,4153.7,1320.8
102.9,2086.0,24.3,BG 358,Partial Irrigation,Mild,Good,4234.9,1676.8
33.9,1302.0,31.9,AT 362,Rainfed,None,Average,4356.7,1084.1
111.0,2167.0,29.1,Traditional,Full Irrigation,None,Good,4194.3,1881.5
73.1,1214.0,24.8,Traditional,Rainfed,Mild,Average,4153.7,865.3
78.6,1840.0,30.8,Traditional,Rainfed,None,Good,4275.5,1056.7
71.0,1646.0,29.0,Traditional,Full Irrigation,None,Excellent,4153.7,1980.0
23.6,1806.0,26.0,BG 358,Full Irrigation,Severe,Average,4194.3,914.3
69.7,1737.0,32.8,BG 359,Partial Irrigation,None,Poor,4275.5,1467.5
46.4,1819.0,26.9,AT 362,Partial Irrigation,None,Good,4316.1,1615.2
54.3,2077.0,26.8,BG 352,Partial Irrigation,Moderate,Excellent,4316.1,1409.9
84.9,1633.0,26.7,BG 359,Partial Irrigation,Mild,Poor,4356.7,1653.1
69.8,988.0,31.7,BG 359,Partial Irrigation,Mild,Excellent,4397.3,1559.9
29.3,1252.0,31.1,Traditional,Partial Irrigation,None,Average,4113.1,892.8
27.3,1821.0,33.0,BG 352,Partial Irrigation,None,Good,4234.9,1346.4
38.6,1542.0,26.3,BG 352,Partial Irrigation,Mild,Good,4113.1,1497.2
39.1,1613.0,31.9,BG 352,Full Irrigation,None,Poor,4113.1,1354.9
80.8,1676.0,29.7,BG 359,Full Irrigation,Mild,Poor,4153.7,1878.6
37.8,1397.0,27.1,BG 359,Partial Irrigation,None,Excellent,4316.1,2213.0
108.2,1906.0,24.4,BG 359,Partial Irrigation,None,Good,4437.9,1881.5
41.0,1841.0,32.2,BG 358,Rainfed,None,Good,4356.7,1331.4
29.1,1829.0,26.4,BG 358,Rainfed,None,Average,4316.1,1210.5
107.6,1830.0,30.3,BG 359,Full Irrigation,None,Poor,4397.3,1743.8
49.5,2057.0,29.5,BG 352,Partial Irrigation,Mild,Average,4153.7,1252.2
62.5,1674.0,24.0,AT 362,Rainfed,Mild,Good,4397.3,1370.0
115.9,2157.0,33.9,BG 352,Partial Irrigation,None,Good,4437.9,1936.1
114.4,1055.0,32.1,AT 362,Full Irrigation,Mild,Average,4113.1,1484.0
91.5,1722.0,28.9,BG 359,Partial Irrigation,None,Poor,4275.5,1689.0
26.9,1832.0,30.8,Traditional,Full Irrigation,None,Poor,4397.3,839.0
79.3,1520.0,28.8,AT 362,Partial Irrigation,Moderate,Excellent,4275.5,1730.2
118.9,1275.0,31.4,BG 359,Rainfed,Mild,Good,4397.3,1781.1
114.7,1615.0,25.3,AT 362,Rainfed,Mild,Excellent,4437.9,1754.0
30.6,1374.0,28.5,BG 352,Rainfed,None,Poor,4275.5,1192.7
59.6,2082.0,27.4,BG 352,Full Irrigation,None,Average,4113.1,1751.9
51.6,1364.0,28.6,BG 359,Full Irrigation,Mild,Average,4234.9,2035.8
33.0,1128.0,28.5,Traditional,Partial Irrigation,Mild,Average,4153.7,778.7
89.5,1649.0,25.4,Traditional,Full Irrigation,Mild,Average,4275.5,1316.0
47.4,1415.0,33.8,BG 358,Partial Irrigation,Severe,Poor,4316.1,728.5
54.5,1025.0,24.2,BG 358,Full Irrigation,None,Poor,4275.5,1270.4
29.0,1634.0,24.1,Traditional,Full Irrigation,Moderate,Excellent,4153.7,1149.9
69.8,1599.0,27.7,BG 359,Partial Irrigation,Mild,Average,4194.3,1755.0
35.8,1125.0,30.2,BG 352,Partial Irrigation,None,Poor,4356.7,1052.9
63.2,1677.0,25.8,BG 358,Rainfed,None,Average,4113.1,1315.7
34.3,1638.0,29.3,Traditional,Full Irrigation,Mild,Excellent,4153.7,1543.8
115.4,1906.0,31.2,Traditional,Full Irrigation,None,Average,4437.9,1452.0
34.5,1370.0,24.9,Traditional,Rainfed,Mild,Excellent,4113.1,981.1
72.2,1223.0,33.8,BG 352,Full Irrigation,Mild,Poor,4234.9,1471.5
39.7,2137.0,27.4,Traditional,Rainfed,None,Poor,4153.7,692.7
27.6,1630.0,30.4,BG 352,Partial Irrigation,None,Good,4113.1,1384.1
40.2,935.0,25.1,Traditional,Full Irrigation,Mild,Good,4234.9,1091.7
25.5,1967.0,31.1,Traditional,Rainfed,None,Excellent,4275.5,938.2
33.9,1156.0,32.4,BG 358,Rainfed,Moderate,Average,4153.7,712.7
69.3,1922.0,25.1,BG 352,Partial Irrigation,None,Poor,4113.1,1072.3
85.2,1817.0,25.3,AT 362,Rainfed,Severe,Good,4153.7,766.3
28.7,2159.0,26.8,BG 352,Partial Irrigation,None,Average,4316.1,1295.7
64.1,2155.0,24.1,BG 359,Rainfed,None,Poor,4397.3,1093.7
78.1,1257.0,33.9,BG 358,Rainfed,Mild,Poor,4153.7,1163.8
43.4,1896.0,30.0,BG 359,Rainfed,None,Good,4194.3,1386.8
57.2,1312.0,30.1,Traditional,Full Irrigation,None,Good,4234.9,1441.0
27.2,1718.0,33.6,Traditional,Full Irrigation,None,Poor,4234.9,956.1
42.0,1677.0,32.3,BG 359,Rainfed,Mild,Good,4194.3,1399.2
66.7,971.0,32.1,BG 358,Rainfed,Mild,Excellent,4113.1,1314.6
119.0,907.0,27.4,Traditional,Full Irrigation,None,Excellent,4275.5,1984.0
119.6,975.0,27.3,BG 359,Rainfed,None,Average,4234.9,1602.6
118.0,1066.0,26.9,BG 352,Partial Irrigation,None,Poor,4234.9,1485.4
62.3,1235.0,27.5,Traditional,Full Irrigation,Severe,Good,4194.3,947.5
28.1,2079.0,27.7,Traditional,Rainfed,None,Good,4437.9,1006.5
52.4,1574.0,25.4,BG 358,Full Irrigation,Mild,Excellent,4316.1,2241.9
43.8,1936.0,27.6,BG 352,Rainfed,None,Good,4234.9,1437.3
21.4,1990.0,28.5,BG 352,Rainfed,Mild,Good,4153.7,1091.0
29.5,1855.0,27.1,BG 359,Partial Irrigation,Severe,Good,4397.3,904.2
65.3,1409.0,25.7,BG 358,Full Irrigation,None,Good,4397.3,2434.4
54.0,2023.0,27.7,AT 362,Partial Irrigation,Mild,Average,4113.1,1284.3
38.0,1865.0,28.8,AT 362,Rainfed,None,Average,4437.9,1123.9
91.6,1866.0,31.2,BG 352,Rainfed,Mild,Average,4356.7,1136.4
55.7,2072.0,31.1,Traditional,Full Irrigation,None,Average,4113.1,1167.6
105.2,1678.0,26.0,BG 352,Partial Irrigation,None,Excellent,4356.7,2383.3
44.1,1587.0,24.4,BG 352,Rainfed,None,Average,4113.1,1071.3
73.8,2057.0,27.0,AT 362,Partial Irrigation,None,Average,4113.1,1420.7
38.4,1491.0,25.6,AT 362,Partial Irrigation,Severe,Excellent,4153.7,850.2
69.5,1955.0,28.0,Traditional,Rainfed,Mild,Poor,4275.5,738.9
35.2,970.0,33.8,BG 359,Rainfed,None,Average,4316.1,1036.0
36.2,902.0,25.8,BG 359,Full Irrigation,None,Average,4234.9,1434.2
81.2,1587.0,27.2,AT 362,Full Irrigation,Mild,Average,4153.7,1853.0
46.4,996.0,31.3,AT 362,Rainfed,None,Average,4153.7,970.7
37.2,2170.0,29.1,AT 362,Rainfed,None,Excellent,4397.3,1427.2
113.0,907.0,24.4,BG 358,Partial Irrigation,Mild,Average,4437.9,1571.9
24.3,1834.0,25.6,Traditional,Partial Irrigation,None,Average,4356.7,792.2
76.5,1216.0,33.4,BG 358,Partial Irrigation,None,Average,4113.1,1542.7
74.8,2158.0,25.0,BG 358,Full Irrigation,None,Excellent,4397.3,2335.0
45.1,1396.0,30.4,BG 358,Rainfed,None,Excellent,4356.7,1753.9
65.3,935.0,31.9,BG 358,Rainfed,Mild,Poor,4275.5,846.1
28.8,935.0,26.7,BG 358,Full Irrigation,Mild,Poor,4153.7,1177.0
92.1,1619.0,31.3,BG 359,Full Irrigation,Severe,Poor,4437.9,1018.2
42.2,2183.0,25.7,AT 362,Rainfed,None,Average,4234.9,944.2
39.3,2174.0,26.8,BG 359,Partial Irrigation,Mild,Good,4113.1,1508.3
51.5,1338.0,27.1,Traditional,Partial Irrigation,Severe,Poor,4153.7,538.9
110.2,1528.0,34.0,BG 359,Rainfed,Mild,Good,4234.9,1663.6
99.6,1031.0,26.1,BG 359,Full Irrigation,Severe,Average,4113.1,1062.7
114.7,1579.0,25.3,BG 352,Rainfed,Severe,Excellent,4194.3,969.1
85.2,1680.0,33.3,Traditional,Partial Irrigation,Moderate,Good,4275.5,1105.1
86.3,1226.0,25.6,BG 352,Partial Irrigation,Severe,Average,4437.9,957.1
68.0,1696.0,32.8,BG 352,Full Irrigation,Mild,Good,4113.1,1901.3
110.5,2070.0,30.5,Traditional,Rainfed,None,Poor,4316.1,830.0
71.1,901.0,29.8,BG 359,Rainfed,Moderate,Average,4437.9,1143.7
55.5,1198.0,31.5,BG 352,Partial Irrigation,Moderate,Average,4397.3,967.0
84.0,1173.0,31.3,BG 359,Full Irrigation,None,Poor,4437.9,1530.1
74.6,1061.0,25.1,BG 359,Partial Irrigation,None,Average,4153.7,1345.8
32.4,1116.0,34.0,BG 352,Full Irrigation,None,Good,4397.3,1457.5
59.3,1714.0,33.4,AT 362,Partial Irrigation,Moderate,Good,4437.9,1296.3
51.3,1034.0,33.0,AT 362,Rainfed,None,Excellent,4194.3,1224.9
104.7,1860.0,30.2,BG 352,Partial Irrigation,None,Average,4275.5,1603.5
57.9,2053.0,29.2,AT 362,Full Irrigation,None,Good,4275.5,1897.8
102.2,2105.0,29.4,BG 358,Full Irrigation,None,Good,4275.5,2641.3
64.2,1758.0,24.1,AT 362,Full Irrigation,Severe,Excellent,4194.3,1106.4
95.4,1157.0,29.0,BG 358,Rainfed,None,Excellent,4437.9,1940.2
33.5,1011.0,30.2,BG 358,Partial Irrigation,None,Good,4437.9,1309.5
112.5,1202.0,30.6,BG 359,Partial Irrigation,None,Average,4234.9,2013.4
68.1,2151.0,27.3,BG 359,Partial Irrigation,Mild,Good,4397.3,2024.6
46.0,2151.0,28.7,BG 358,Full Irrigation,Mild,Good,4234.9,1844.0
44.1,1396.0,30.4,Traditional,Full Irrigation,None,Excellent,4397.3,1785.3
46.5,1324.0,28.3,AT 362,Rainfed,None,Poor,4316.1,1132.9
56.7,1563.0,33.6,BG 359,Rainfed,Moderate,Excellent,4275.5,1298.5
91.8,1279.0,31.1,BG 358,Partial Irrigation,Mild,Excellent,4153.7,1939.6
115.0,2174.0,24.0,BG 359,Full Irrigation,Mild,Poor,4316.1,1811.4
86.9,1188.0,24.2,BG 352,Full Irrigation,None,Average,4194.3,1608.7
74.7,1380.0,30.9,Traditional,Partial Irrigation,Severe,Poor,4153.7,516.6
64.9,1458.0,28.1,BG 352,Partial Irrigation,Mild,Good,4153.7,1736.5
102.8,1063.0,32.4,AT 362,Full Irrigation,None,Poor,4437.9,1439.4
105.0,1398.0,25.7,BG 358,Full Irrigation,Severe,Average,4113.1,1211.6
49.3,2014.0,24.1,AT 362,Rainfed,Moderate,Poor,4397.3,693.8
115.3,1082.0,27.9,BG 358,Rainfed,Mild,Poor,4397.3,1338.3
59.5,1659.0,31.4,BG 352,Partial Irrigation,Mild,Average,4113.1,1244.6
100.0,1429.0,33.7,Traditional,Partial Irrigation,None,Average,4316.1,1337.1
116.7,1122.0,32.8,AT 362,Rainfed,None,Good,4316.1,1385.6
90.4,916.0,28.8,BG 352,Rainfed,None,Poor,4234.9,1086.7
36.2,1255.0,32.1,BG 352,Rainfed,Mild,Average,4356.7,1121.6
78.6,980.0,24.7,BG 359,Rainfed,None,Excellent,4234.9,1415.8
31.9,1390.0,29.7,Traditional,Partial Irrigation,None,Excellent,4234.9,1245.5
98.9,1953.0,33.2,BG 359,Full Irrigation,Severe,Average,4234.9,1099.8
48.1,1836.0,28.0,BG 352,Rainfed,None,Poor,4397.3,1045.7
89.5,2132.0,33.6,AT 362,Rainfed,Moderate,Excellent,4316.1,1101.5
111.0,1455.0,26.2,BG 359,Rainfed,None,Good,4234.9,2039.5
38.1,1820.0,25.1,AT 362,Full Irrigation,None,Average,4437.9,1510.9
59.3,1765.0,29.2,BG 358,Partial Irrigation,None,Good,4397.3,2165.6
84.7,1182.0,33.1,BG 352,Partial Irrigation,None,Poor,4437.9,1152.6
62.0,1295.0,27.1,BG 352,Rainfed,None,Average,4356.7,1629.1
37.5,1589.0,32.0,AT 362,Full Irrigation,None,Average,4234.9,1585.5
22.9,1936.0,25.7,AT 362,Rainfed,Mild,Good,4356.7,1022.9
60.7,1500.0,31.5,BG 358,Full Irrigation,None,Poor,4194.3,1522.7
84.9,1196.0,29.6,BG 352,Full Irrigation,None,Average,4194.3,1704.8
77.4,2192.0,25.8,AT 362,Partial Irrigation,None,Excellent,4275.5,1676.7
35.6,1050.0,31.2,BG 352,Full Irrigation,None,Poor,4437.9,1154.4
65.1,2143.0,31.1,BG 352,Full Irrigation,None,Poor,4316.1,1426.6
56.9,1952.0,29.2,BG 359,Partial Irrigation,None,Excellent,4234.9,1848.1
47.4,1991.0,26.3,AT 362,Full Irrigation,Mild,Excellent,4275.5,1894.5
92.9,1933.0,25.3,Traditional,Partial Irrigation,Mild,Average,4194.3,1034.7
51.0,1171.0,33.6,AT 362,Partial Irrigation,Moderate,Poor,4316.1,751.3
74.0,1722.0,30.6,Traditional,Partial Irrigation,Mild,Good,4234.9,1193.8
112.3,1884.0,32.1,AT 362,Partial Irrigation,None,Average,4275.5,1527.1
73.9,1869.0,31.0,Traditional,Rainfed,None,Good,4234.9,966.3
81.7,1253.0,32.3,BG 352,Rainfed,None,Poor,4194.3,1133.9
27.3,1135.0,25.6,BG 352,Rainfed,Mild,Excellent,4437.9,1012.5
37.8,1327.0,29.0,AT 362,Rainfed,None,Good,4234.9,1372.3
30.1,1524.0,30.7,Traditional,Full Irrigation,None,Good,4113.1,1270.3
96.5,1646.0,25.0,AT 362,Rainfed,Severe,Good,4234.9,846.4
103.6,1988.0,25.5,BG 358,Full Irrigation,None,Poor,4275.5,1631.0
38.6,1900.0,30.3,BG 359,Partial Irrigation,None,Excellent,4113.1,1467.8
41.9,1779.0,32.7,BG 352,Partial Irrigation,Severe,Average,4194.3,794.0
52.3,1243.0,30.6,BG 358,Rainfed,None,Average,4153.7,1267.8
79.1,1523.0,24.4,AT 362,Full Irrigation,None,Excellent,4275.5,2305.7
82.2,1336.0,33.7,BG 352,Partial Irrigation,None,Poor,4356.7,1286.0
88.7,1205.0,25.4,BG 359,Partial Irrigation,None,Poor,4437.9,1674.6
110.5,913.0,26.3,BG 358,Partial Irrigation,Severe,Excellent,4234.9,1217.5
49.5,1341.0,33.7,BG 359,Full Irrigation,Mild,Average,4397.3,1746.4
85.9,1233.0,31.7,AT 362,Partial Irrigation,None,Good,4153.7,1685.4
76.0,1643.0,33.4,Traditional,Partial Irrigation,None,Good,4397.3,1428.1
50.6,981.0,32.1,BG 359,Full Irrigation,None,Excellent,4316.1,1689.9
110.7,1252.0,30.5,Traditional,Full Irrigation,Mild,Good,4356.7,1672.7
29.5,958.0,26.8,AT 362,Full Irrigation,None,Average,4356.7,1392.1
91.2,1734.0,27.3,Traditional,Rainfed,None,Good,4275.5,1397.1
92.8,1639.0,33.5,AT 362,Full Irrigation,Mild,Good,4194.3,2177.4
111.5,1339.0,32.6,BG 359,Rainfed,Moderate,Average,4275.5,1309.6
71.9,1092.0,27.6,AT 362,Partial Irrigation,Moderate,Poor,4397.3,957.2
52.2,2145.0,27.7,BG 358,Partial Irrigation,Moderate,Average,4437.9,1342.3
102.8,1660.0,27.0,AT 362,Rainfed,None,Excellent,4437.9,2160.1
97.1,1783.0,27.3,AT 362,Rainfed,Mild,Poor,4153.7,1170.9
70.0,1591.0,32.6,AT 362,Full Irrigation,Moderate,Poor,4316.1,1112.0
96.8,1948.0,24.1,BG 352,Full Irrigation,None,Excellent,4113.1,2221.2
46.8,2065.0,28.4,BG 359,Rainfed,None,Excellent,4356.7,1790.9
79.0,1398.0,33.4,AT 362,Partial Irrigation,None,Poor,4437.9,1351.0
106.5,1797.0,29.4,BG 352,Rainfed,Severe,Poor,4113.1,813.7
51.8,1199.0,28.5,AT 362,Partial Irrigation,Moderate,Good,4316.1,1239.3
68.4,1747.0,27.1,Traditional,Rainfed,Moderate,Excellent,4437.9,1175.8
115.1,1419.0,24.7,BG 359,Full Irrigation,None,Good,4397.3,2700.6
99.8,909.0,26.2,Traditional,Partial Irrigation,Severe,Excellent,4234.9,810.6
108.7,2142.0,24.9,Traditional,Partial Irrigation,None,Good,4113.1,1345.7
58.5,2029.0,25.3,BG 359,Full Irrigation,None,Excellent,4437.9,2184.1
119.7,1278.0,25.6,Traditional,Partial Irrigation,Mild,Good,4437.9,1590.5
35.3,2197.0,27.0,Traditional,Rainfed,Mild,Average,4316.1,795.8
71.9,1312.0,24.1,BG 352,Partial Irrigation,Moderate,Good,4437.9,1444.5
67.9,1496.0,33.5,Traditional,Full Irrigation,None,Average,4113.1,1312.7
99.8,2007.0,25.2,BG 352,Partial Irrigation,None,Good,4316.1,1741.2
110.9,1296.0,27.8,BG 359,Rainfed,None,Excellent,4113.1,2341.8
93.1,1486.0,32.8,Traditional,Rainfed,None,Excellent,4437.9,1311.4
82.7,1765.0,25.1,AT 362,Rainfed,Moderate,Good,4356.7,1175.6
62.7,1070.0,28.8,BG 358,Full Irrigation,None,Poor,4437.9,1502.2
71.0,1449.0,32.4,AT 362,Rainfed,None,Good,4316.1,1428.9
70.9,1302.0,29.6,BG 358,Full Irrigation,None,Average,4113.1,2150.1
22.0,1780.0,26.1,BG 358,Rainfed,Mild,Poor,4113.1,1027.7
70.3,1077.0,31.4,Traditional,Partial Irrigation,Moderate,Excellent,4234.9,933.4
105.6,1203.0,30.8,BG 352,Full Irrigation,None,Average,4356.7,2214.6
90.9,1825.0,27.6,Traditional,Partial Irrigation,None,Excellent,4153.7,1435.1
99.6,1103.0,24.5,BG 359,Rainfed,Severe,Average,4397.3,744.4
59.0,1449.0,24.1,BG 352,Rainfed,Mild,Good,4194.3,1231.6
72.9,1827.0,32.3,AT 362,Rainfed,None,Good,4275.5,1262.6
23.3,1895.0,27.2,BG 352,Full Irrigation,None,Excellent,4153.7,1878.9
58.3,1023.0,25.4,BG 358,Rainfed,Severe,Poor,4275.5,532.4
67.4,2008.0,29.2,BG 358,Rainfed,Mild,Good,4275.5,1515.6
45.5,1841.0,33.2,AT 362,Full Irrigation,None,Average,4113.1,1411.8
23.1,1341.0,24.1,BG 358,Partial Irrigation,None,Average,4316.1,1375.8
89.0,1893.0,24.6,AT 362,Full Irrigation,None,Excellent,4397.3,2109.4
63.5,1847.0,28.2,BG 352,Rainfed,None,Poor,4437.9,1172.3
61.6,1681.0,30.8,AT 362,Partial Irrigation,None,Good,4194.3,1630.7
45.0,1626.0,28.8,AT 362,Rainfed,None,Average,4397.3,1307.2
73.8,1855.0,33.0,BG 358,Partial Irrigation,None,Excellent,4397.3,1914.9
63.8,2199.0,24.4,Traditional,Rainfed,None,Poor,4437.9,734.5
67.4,1652.0,27.4,BG 359,Full Irrigation,None,Poor,4234.9,1778.2
78.1,1951.0,27.5,AT 362,Partial Irrigation,None,Poor,4397.3,1332.3
20.6,1868.0,27.4,BG 352,Rainfed,Moderate,Average,4316.1,797.2
110.8,2013.0,28.9,Traditional,Full Irrigation,None,Poor,4113.1,1335.9
27.1,2141.0,31.9,BG 358,Rainfed,Moderate,Good,4194.3,849.2
65.1,1151.0,27.2,AT 362,Full Irrigation,Moderate,Poor,4356.7,1043.7
40.7,1115.0,31.4,BG 352,Partial Irrigation,Severe,Average,4153.7,576.9
72.4,1662.0,25.5,BG 352,Full Irrigation,None,Good,4234.9,2216.9
48.0,1484.0,29.6,BG 352,Rainfed,None,Good,4356.7,1570.1
106.0,1642.0,27.8,Traditional,Full Irrigation,Mild,Poor,4153.7,1316.1
59.6,1937.0,29.4,BG 358,Partial Irrigation,None,Poor,4275.5,1363.3
83.9,2111.0,25.1,Traditional,Partial Irrigation,None,Average,4153.7,1026.8
44.9,1443.0,33.5,BG 359,Partial Irrigation,None,Good,4275.5,1783.8
21.9,1833.0,33.1,BG 352,Rainfed,Mild,Excellent,4194.3,1010.1
60.4,1156.0,32.3,BG 359,Rainfed,Moderate,Poor,4437.9,781.2
73.6,1595.0,32.9,BG 359,Rainfed,None,Poor,4113.1,1318.1
66.0,928.0,25.5,BG 358,Partial Irrigation,Severe,Good,4437.9,849.9
116.2,1555.0,29.0,AT 362,Partial Irrigation,Mild,Excellent,4397.3,2344.5
90.7,1609.0,27.2,Traditional,Partial Irrigation,None,Excellent,4397.3,1703.7
119.6,1856.0,32.9,Traditional,Full Irrigation,None,Good,4397.3,1654.7
49.5,1744.0,25.9,BG 359,Rainfed,None,Poor,4153.7,1116.3
98.9,1366.0,26.2,Traditional,Full Irrigation,Moderate,Good,4437.9,1618.4
75.6,907.0,30.9,Traditional,Full Irrigation,Mild,Average,4316.1,1098.9
81.2,1050.0,24.9,BG 352,Rainfed,Mild,Average,4437.9,1089.7
118.6,2165.0,31.3,AT 362,Full Irrigation,Mild,Average,4397.3,1658.1
85.4,2099.0,26.7,AT 362,Rainfed,None,Good,4316.1,1602.4
109.9,1323.0,30.6,BG 352,Rainfed,Severe,Good,4234.9,905.4
92.6,1237.0,32.7,AT 362,Full Irrigation,Moderate,Poor,4153.7,1192.3
32.7,1467.0,30.1,Traditional,Rainfed,Mild,Poor,4113.1,636.9
89.9,1797.0,26.1,BG 358,Rainfed,None,Poor,4234.9,1569.6
68.4,1364.0,24.5,Traditional,Rainfed,None,Average,4397.3,976.2
111.9,987.0,24.4,Traditional,Rainfed,None,Good,4275.5,1075.5
100.7,1424.0,24.9,AT 362,Rainfed,None,Excellent,4275.5,1768.7
30.4,1239.0,29.8,AT 362,Full Irrigation,Mild,Average,4194.3,1577.1
33.4,1322.0,27.5,BG 359,Rainfed,Mild,Good,4316.1,1576.6
27.0,1112.0,26.4,BG 359,Full Irrigation,Severe,Excellent,4316.1,1065.1
69.3,1756.0,26.2,BG 359,Rainfed,None,Good,4437.9,2045.2
28.1,1585.0,33.5,BG 359,Full Irrigation,None,Good,4356.7,2078.5
92.4,1252.0,25.2,BG 359,Full Irrigation,None,Average,4316.1,2411.8
75.2,1620.0,27.0,Traditional,Partial Irrigation,Severe,Poor,4437.9,660.6
103.6,1541.0,28.7,AT 362,Full Irrigation,Mild,Excellent,4234.9,2613.9
48.0,1935.0,24.0,BG 358,Rainfed,None,Good,4437.9,1325.4
71.9,2143.0,33.2,BG 359,Full Irrigation,Mild,Poor,4234.9,1305.8
31.7,1070.0,25.0,BG 358,Rainfed,Mild,Average,4153.7,868.4
108.5,2049.0,30.8,BG 352,Partial Irrigation,None,Poor,4234.9,1302.1
37.5,1816.0,30.3,BG 358,Full Irrigation,None,Excellent,4153.7,1840.5
30.2,1800.0,32.1,BG 352,Full Irrigation,None,Good,4153.7,1550.5
40.5,1387.0,30.5,Traditional,Rainfed,None,Excellent,4397.3,1056.0
100.6,1347.0,31.7,BG 352,Full Irrigation,Mild,Average,4397.3,1961.9
30.6,907.0,28.2,BG 358,Full Irrigation,None,Poor,4153.7,1385.4
81.4,2177.0,28.9,BG 358,Full Irrigation,Mild,Good,4397.3,2357.2
94.6,1688.0,31.0,BG 358,Full Irrigation,Mild,Good,4113.1,2275.9
95.1,1423.0,29.7,BG 358,Full Irrigation,None,Poor,4194.3,2123.5
39.0,1607.0,29.1,AT 362,Full Irrigation,Severe,Good,4356.7,1112.7
26.2,953.0,26.1,Traditional,Full Irrigation,None,Poor,4194.3,819.0
64.9,1126.0,26.6,BG 352,Rainfed,Mild,Good,4356.7,1306.7
40.2,1710.0,27.6,BG 358,Full Irrigation,None,Good,4397.3,2137.1
89.9,1569.0,24.1,BG 359,Rainfed,Mild,Poor,4113.1,1159.2
55.7,1923.0,28.2,BG 358,Partial Irrigation,None,Average,4113.1,1509.4
64.9,1756.0,24.0,AT 362,Partial Irrigation,None,Poor,4437.9,1228.2
31.3,1682.0,29.7,BG 358,Rainfed,None,Good,4275.5,1713.0
76.8,1960.0,31.0,BG 359,Rainfed,Mild,Poor,4275.5,1091.7
38.6,989.0,29.6,BG 359,Rainfed,Mild,Good,4275.5,1287.4
87.9,1798.0,30.9,BG 358,Partial Irrigation,Mild,Average,4234.9,1561.1
27.1,1830.0,24.0,AT 362,Partial Irrigation,None,Poor,4356.7,979.5
117.6,1258.0,24.6,AT 362,Partial Irrigation,Mild,Excellent,4316.1,2054.9
88.5,1154.0,31.0,BG 359,Rainfed,Mild,Good,4153.7,1240.5
38.2,1178.0,32.0,BG 359,Partial Irrigation,None,Average,4316.1,1207.5
21.4,1158.0,31.2,Traditional,Rainfed,None,Excellent,4356.7,852.9
53.4,1581.0,30.6,Traditional,Full Irrigation,None,Good,4153.7,1404.8
35.3,1076.0,31.1,Traditional,Rainfed,Moderate,Excellent,4234.9,669.4
41.8,1757.0,31.4,BG 352,Rainfed,None,Poor,4397.3,1032.6
107.3,1037.0,31.2,Traditional,Rainfed,None,Poor,4316.1,752.3
80.3,935.0,31.4,Traditional,Partial Irrigation,Severe,Poor,4153.7,432.5
37.6,1315.0,24.7,Traditional,Full Irrigation,Moderate,Good,4113.1,993.9
75.7,1149.0,24.6,AT 362,Partial Irrigation,None,Excellent,4316.1,1568.5
45.6,2185.0,27.6,BG 358,Partial Irrigation,Moderate,Excellent,4275.5,1402.4
117.6,1294.0,29.3,AT 362,Full Irrigation,None,Excellent,4437.9,3141.4
23.3,1189.0,31.6,BG 359,Rainfed,Moderate,Good,4275.5,804.5
93.2,1156.0,27.3,Traditional,Full Irrigation,None,Good,4437.9,1591.9
97.3,1386.0,26.8,BG 358,Partial Irrigation,None,Average,4153.7,1950.6
26.7,1688.0,31.8,AT 362,Rainfed,Severe,Poor,4275.5,477.1
37.2,1917.0,26.5,AT 362,Rainfed,None,Poor,4153.7,904.8
58.4,1374.0,32.2,Traditional,Rainfed,Moderate,Poor,4316.1,638.5
106.8,1714.0,25.8,BG 352,Full Irrigation,None,Good,4153.7,2190.6
73.7,1527.0,27.6,Traditional,Partial Irrigation,None,Good,4275.5,1511.9
85.5,2000.0,28.0,BG 358,Partial Irrigation,Severe,Excellent,4234.9,1160.5
98.3,1640.0,27.0,Traditional,Partial Irrigation,None,Poor,4153.7,1227.3
102.8,1277.0,24.0,BG 352,Rainfed,Moderate,Excellent,4113.1,1384.0
67.6,1815.0,26.4,BG 358,Full Irrigation,Moderate,Good,4275.5,1764.2
70.9,1966.0,27.4,AT 362,Partial Irrigation,None,Excellent,4437.9,1838.1
91.8,1505.0,27.1,BG 359,Full Irrigation,None,Good,4153.7,3006.8
46.3,2183.0,31.9,AT 362,Rainfed,None,Average,4234.9,939.5
105.4,2043.0,24.5,BG 359,Full Irrigation,None,Good,4194.3,2247.2
22.1,1156.0,27.9,BG 352,Full Irrigation,None,Good,4397.3,1636.3
39.6,1923.0,24.4,AT 362,Partial Irrigation,None,Poor,4234.9,927.9
100.0,1681.0,33.3,BG 359,Full Irrigation,Moderate,Poor,4437.9,1515.3
54.0,1595.0,31.9,BG 359,Partial Irrigation,None,Good,4194.3,1637.3
35.0,1568.0,33.8,BG 358,Full Irrigation,Mild,Poor,4113.1,1252.4
38.7,2009.0,33.1,Traditional,Full Irrigation,None,Poor,4316.1,874.3
73.1,1694.0,27.2,AT 362,Rainfed,None,Poor,4316.1,1324.8
104.6,1599.0,30.9,BG 352,Full Irrigation,None,Good,4437.9,2726.2
27.1,964.0,27.1,BG 352,Full Irrigation,None,Excellent,4397.3,1820.3
23.0,1483.0,32.9,BG 352,Rainfed,Mild,Average,4397.3,962.4
66.5,2080.0,28.1,BG 352,Full Irrigation,None,Poor,4316.1,1610.3
115.6,1825.0,27.8,AT 362,Partial Irrigation,Moderate,Good,4234.9,1461.1
47.9,966.0,33.1,AT 362,Full Irrigation,Moderate,Average,4234.9,985.7
115.9,2049.0,32.4,BG 359,Rainfed,None,Good,4153.7,1629.7
108.8,1975.0,33.7,BG 359,Rainfed,Moderate,Average,4234.9,1118.3
48.3,1611.0,24.7,Traditional,Partial Irrigation,Severe,Good,4234.9,642.8
101.7,929.0,26.4,Traditional,Partial Irrigation,None,Average,4113.1,1096.9
88.6,1631.0,27.0,BG 359,Partial Irrigation,Severe,Excellent,4153.7,1341.1
71.2,971.0,28.2,BG 359,Rainfed,None,Good,4275.5,1607.4
62.3,1316.0,28.7,BG 359,Full Irrigation,Mild,Average,4234.9,2066.0
101.6,1718.0,26.9,Traditional,Rainfed,None,Poor,4437.9,1126.7
99.3,2087.0,31.9,AT 362,Rainfed,Moderate,Good,4275.5,996.4
95.7,1365.0,26.2,BG 358,Partial Irrigation,Moderate,Average,4437.9,1760.6
119.8,2018.0,31.0,Traditional,Rainfed,Severe,Poor,4316.1,475.5
67.9,2094.0,32.5,BG 358,Partial Irrigation,Severe,Average,4113.1,797.3
100.7,927.0,30.0,AT 362,Partial Irrigation,None,Average,4153.7,1297.4
106.2,1211.0,27.5,Traditional,Rainfed,Mild,Excellent,4356.7,1484.2
41.2,1823.0,25.9,Traditional,Full Irrigation,None,Good,4275.5,1147.2
24.2,1884.0,25.3,BG 352,Full Irrigation,None,Good,4194.3,1614.4
60.5,1410.0,31.4,BG 358,Full Irrigation,None,Good,4275.5,2268.2
105.7,1754.0,28.7,AT 362,Partial Irrigation,Severe,Excellent,4437.9,1400.9
48.9,1696.0,24.5,BG 352,Partial Irrigation,Mild,Poor,4234.9,1158.6
90.0,1862.0,33.8,BG 352,Full Irrigation,None,Average,4113.1,1709.1
20.7,1834.0,30.7,BG 358,Full Irrigation,Severe,Good,4194.3,914.1
55.5,1012.0,32.4,BG 359,Full Irrigation,Moderate,Poor,4437.9,1044.0
81.6,1106.0,28.4,BG 352,Rainfed,None,Average,4356.7,1349.1
33.0,1073.0,33.6,BG 352,Full Irrigation,None,Average,4397.3,1286.5
109.7,2112.0,26.0,BG 358,Partial Irrigation,Mild,Excellent,4437.9,1958.8
35.6,2088.0,25.9,BG 359,Full Irrigation,Mild,Excellent,4153.7,1723.9
111.0,1937.0,32.9,BG 359,Full Irrigation,None,Poor,4194.3,1637.0
41.6,1052.0,32.9,AT 362,Rainfed,None,Poor,4113.1,742.5
119.4,1647.0,29.0,Traditional,Rainfed,None,Excellent,4113.1,1609.5
80.5,1143.0,25.3,BG 352,Rainfed,None,Poor,4397.3,892.2
28.4,1379.0,27.1,AT 362,Partial Irrigation,None,Average,4437.9,1419.8
26.5,1247.0,31.5,BG 352,Full Irrigation,None,Excellent,4153.7,1829.4
27.5,1978.0,32.5,BG 358,Rainfed,None,Excellent,4356.7,1363.9
79.0,1088.0,27.5,BG 358,Rainfed,Mild,Excellent,4275.5,1589.5
101.0,1740.0,24.6,AT 362,Partial Irrigation,None,Poor,4113.1,1406.5
60.3,2179.0,30.7,BG 358,Partial Irrigation,None,Poor,4437.9,1247.5
64.5,1793.0,31.4,Traditional,Rainfed,None,Poor,4397.3,824.2
78.9,1003.0,28.2,BG 358,Partial Irrigation,Severe,Excellent,4316.1,1096.0
73.3,2080.0,29.8,Traditional,Full Irrigation,None,Poor,4356.7,1199.8
88.8,1736.0,33.9,Traditional,Rainfed,None,Average,4234.9,1080.5
67.2,1493.0,26.4,BG 359,Rainfed,None,Excellent,4397.3,2114.7
91.4,1758.0,29.7,BG 352,Rainfed,Mild,Average,4275.5,1478.3
119.7,2043.0,30.1,AT 362,Rainfed,None,Excellent,4437.9,1707.7
55.0,1520.0,29.5,BG 359,Partial Irrigation,None,Average,4113.1,1782.4
21.2,1591.0,32.7,BG 358,Rainfed,Moderate,Average,4153.7,838.8
32.6,1488.0,30.1,BG 359,Partial Irrigation,Mild,Excellent,4437.9,1726.9
75.4,994.0,29.1,BG 358,Rainfed,None,Good,4194.3,1416.8
54.4,1923.0,25.2,BG 358,Full Irrigation,None,Poor,4194.3,1424.3
114.0,1064.0,31.0,Traditional,Partial Irrigation,Severe,Good,4397.3,720.7
82.7,1413.0,25.3,BG 358,Rainfed,Severe,Excellent,4153.7,1064.7
72.0,1403.0,24.3,BG 359,Rainfed,Mild,Excellent,4275.5,1606.3
99.8,1264.0,28.9,AT 362,Partial Irrigation,Mild,Poor,4194.3,1486.0
45.9,1423.0,29.7,BG 358,Partial Irrigation,Moderate,Poor,4153.7,1136.3
102.0,1703.0,34.0,AT 362,Rainfed,Severe,Good,4437.9,916.0
20.3,1305.0,31.1,Traditional,Rainfed,None,Good,4153.7,867.3
82.0,1124.0,32.5,Traditional,Partial Irrigation,Severe,Good,4113.1,562.7
113.5,2030.0,27.5,BG 352,Partial Irrigation,Mild,Average,4356.7,1605.0
98.8,2162.0,29.1,BG 359,Rainfed,Mild,Excellent,4397.3,1860.4
105.4,1496.0,33.7,BG 352,Partial Irrigation,None,Good,4153.7,1840.5
59.7,1325.0,28.2,AT 362,Rainfed,None,Excellent,4356.7,1862.3
102.4,962.0,32.1,BG 358,Full Irrigation,Moderate,Average,4275.5,1347.4
75.1,948.0,29.3,Traditional,Full Irrigation,Mild,Excellent,4397.3,1559.7
81.9,1411.0,26.2,BG 352,Rainfed,None,Poor,4153.7,1323.8
25.9,2109.0,29.8,Traditional,Rainfed,Mild,Good,4437.9,904.9
40.2,1850.0,26.2,BG 358,Rainfed,None,Good,4316.1,1478.0
75.1,1354.0,24.0,Traditional,Full Irrigation,None,Average,4397.3,1520.0
25.9,2158.0,26.4,BG 352,Full Irrigation,Mild,Poor,4234.9,1158.1
94.1,1457.0,25.9,BG 358,Rainfed,Mild,Excellent,4437.9,1870.3
104.0,1260.0,27.7,BG 358,Partial Irrigation,None,Poor,4316.1,1813.3
112.0,1454.0,32.9,Traditional,Rainfed,None,Average,4153.7,1188.1
30.2,1175.0,27.9,AT 362,Full Irrigation,None,Poor,4437.9,1304.6
114.0,2051.0,32.5,Traditional,Rainfed,Mild,Average,4397.3,923.8
26.8,1370.0,29.6,BG 359,Rainfed,Severe,Excellent,4194.3,850.6
67.4,1755.0,24.1,AT 362,Full Irrigation,Mild,Good,4275.5,1871.3
104.0,1406.0,25.9,AT 362,Full Irrigation,Mild,Poor,4234.9,1607.1
27.0,2072.0,33.3,AT 362,Partial Irrigation,None,Average,4275.5,1142.5
21.8,1735.0,30.0,Traditional,Full Irrigation,None,Poor,4437.9,1013.8
22.5,1535.0,33.3,Traditional,Rainfed,Moderate,Good,4437.9,783.3
71.1,1072.0,27.1,BG 359,Rainfed,None,Poor,4153.7,1185.0
101.2,2072.0,31.2,BG 359,Partial Irrigation,None,Average,4437.9,1830.8
32.7,1611.0,31.7,AT 362,Partial Irrigation,None,Poor,4234.9,1073.0
32.5,1271.0,33.8,AT 362,Partial Irrigation,Mild,Poor,4356.7,929.5
76.9,2041.0,24.2,Traditional,Full Irrigation,None,Poor,4356.7,1077.7
43.4,971.0,33.5,AT 362,Full Irrigation,None,Excellent,4275.5,1607.6
93.0,1308.0,27.9,Traditional,Rainfed,Mild,Excellent,4275.5,1415.6
115.0,1598.0,32.4,AT 362,Full Irrigation,None,Excellent,4275.5,2586.6
96.6,1342.0,29.4,Traditional,Rainfed,None,Good,4397.3,1565.6
107.7,1520.0,29.6,AT 362,Partial Irrigation,Moderate,Average,4234.9,1441.0
72.0,1244.0,27.6,Traditional,Partial Irrigation,Severe,Poor,4194.3,623.5
103.2,1069.0,32.3,BG 352,Partial Irrigation,None,Excellent,4234.9,1756.4
38.3,948.0,26.6,Traditional,Rainfed,None,Excellent,4153.7,938.1
26.8,1105.0,28.9,BG 358,Partial Irrigation,None,Average,4234.9,1206.1
85.6,2139.0,29.6,AT 362,Rainfed,None,Poor,4153.7,1023.8
25.2,1648.0,31.4,BG 358,Full Irrigation,Moderate,Average,4113.1,1261.7
109.2,1536.0,28.7,BG 359,Rainfed,Mild,Average,4356.7,1807.1
89.2,1400.0,30.8,AT 362,Partial Irrigation,None,Excellent,4113.1,1816.6
115.2,1821.0,28.9,BG 359,Rainfed,Mild,Poor,4316.1,1250.2
51.4,1084.0,30.6,AT 362,Rainfed,None,Good,4397.3,1123.3
68.6,1259.0,30.7,BG 352,Partial Irrigation,None,Excellent,4356.7,1921.3
94.2,1753.0,31.1,Traditional,Full Irrigation,Moderate,Excellent,4275.5,1440.5
44.3,1523.0,32.2,BG 359,Partial Irrigation,None,Poor,4153.7,1193.1
74.2,1901.0,29.4,AT 362,Full Irrigation,None,Average,4437.9,1852.8
85.9,2066.0,25.9,BG 358,Full Irrigation,Moderate,Average,4397.3,1530.9
117.9,1970.0,30.8,BG 359,Partial Irrigation,None,Average,4316.1,1758.5
94.5,1139.0,24.8,BG 359,Full Irrigation,None,Poor,4113.1,1403.7
31.8,1019.0,26.2,BG 352,Partial Irrigation,None,Poor,4113.1,975.2
67.5,1120.0,31.9,BG 359,Partial Irrigation,None,Poor,4194.3,1166.4
78.9,1919.0,28.4,AT 362,Full Irrigation,None,Excellent,4153.7,2218.5
34.7,2088.0,29.0,Traditional,Partial Irrigation,None,Average,4397.3,1023.7
63.2,2103.0,33.9,Traditional,Full Irrigation,None,Poor,4153.7,960.5
48.4,1288.0,26.4,BG 358,Rainfed,None,Excellent,4194.3,1760.7
31.9,1992.0,24.2,AT 362,Partial Irrigation,Mild,Average,4437.9,997.3
71.2,1597.0,25.1,BG 352,Partial Irrigation,Moderate,Average,4397.3,1156.7
36.6,1970.0,26.4,Traditional,Rainfed,Mild,Poor,4153.7,681.3
79.1,1613.0,31.3,Traditional,Full Irrigation,Mild,Average,4234.9,1342.2
37.0,1090.0,31.8,Traditional,Rainfed,Moderate,Good,4275.5,622.0
92.4,1003.0,29.7,BG 359,Rainfed,None,Good,4316.1,1710.5
39.5,2144.0,26.6,BG 358,Rainfed,None,Average,4437.9,1327.4
109.6,1454.0,29.2,AT 362,Full Irrigation,None,Good,4397.3,2659.8
22.6,1356.0,24.1,AT 362,Rainfed,None,Excellent,4437.9,1300.0
72.2,1363.0,30.8,BG 358,Rainfed,Severe,Excellent,4113.1,932.0
52.0,1393.0,30.1,BG 359,Full Irrigation,None,Good,4194.3,2331.3
42.5,2128.0,24.2,AT 362,Rainfed,Moderate,Poor,4316.1,678.4
67.2,982.0,32.2,BG 359,Rainfed,None,Poor,4113.1,952.6
104.2,1055.0,31.6,BG 358,Rainfed,None,Poor,4234.9,1160.0
111.5,1927.0,27.1,BG 358,Partial Irrigation,None,Poor,4153.7,1666.9
50.3,1614.0,30.4,BG 359,Rainfed,None,Good,4437.9,1499.1
35.4,1067.0,30.0,BG 358,Full Irrigation,None,Poor,4113.1,1125.5
92.0,945.0,25.4,BG 358,Rainfed,Mild,Poor,4153.7,949.4
78.2,1192.0,25.9,BG 352,Partial Irrigation,None,Good,4153.7,1454.1
40.1,1239.0,30.8,BG 358,Rainfed,Moderate,Average,4153.7,947.4
96.0,918.0,33.3,AT 362,Rainfed,Moderate,Excellent,4316.1,1097.5
71.9,1181.0,29.8,BG 358,Rainfed,None,Poor,4234.9,1095.1
85.3,1860.0,29.7,BG 352,Full Irrigation,Severe,Average,4437.9,1178.0
55.9,2012.0,30.5,Traditional,Full Irrigation,None,Poor,4194.3,898.3
63.9,2068.0,28.4,BG 359,Rainfed,None,Good,4275.5,1595.5
38.0,1407.0,24.5,BG 359,Rainfed,None,Poor,4316.1,1002.3
95.7,1315.0,28.0,BG 359,Full Irrigation,Mild,Poor,4316.1,1936.8
35.7,2200.0,33.0,BG 359,Partial Irrigation,None,Good,4397.3,1513.5
97.8,1900.0,32.0,BG 359,Rainfed,Mild,Excellent,4153.7,1598.9
99.8,1599.0,33.3,AT 362,Rainfed,Moderate,Good,4275.5,1235.3
94.7,1231.0,25.5,Traditional,Partial Irrigation,None,Excellent,4397.3,1690.8
21.9,1318.0,29.1,Traditional,Partial Irrigation,Moderate,Excellent,4397.3,1119.5
47.3,1570.0,29.8,BG 359,Partial Irrigation,Mild,Excellent,4316.1,2024.1
66.8,1605.0,26.1,BG 358,Rainfed,None,Excellent,4316.1,2050.6
79.6,918.0,26.0,BG 352,Partial Irrigation,None,Poor,4397.3,1257.4
111.9,2147.0,31.8,BG 359,Rainfed,None,Poor,4316.1,1301.2
57.6,1648.0,30.7,Traditional,Partial Irrigation,None,Average,4437.9,1082.8
107.5,1666.0,30.5,BG 358,Rainfed,Mild,Good,4153.7,1794.7
36.3,1175.0,26.7,Traditional,Rainfed,None,Excellent,4234.9,1026.3
57.1,1894.0,29.1,AT 362,Full Irrigation,None,Poor,4153.7,1309.5
25.2,1858.0,24.2,AT 362,Partial Irrigation,Mild,Poor,4113.1,758.1
94.2,1024.0,25.3,BG 359,Partial Irrigation,Mild,Average,4275.5,1404.7
35.1,1673.0,29.2,AT 362,Rainfed,Severe,Good,4194.3,750.9
45.7,1756.0,27.1,BG 352,Rainfed,None,Excellent,4234.9,1723.3
97.5,1986.0,33.7,BG 352,Full Irrigation,Mild,Excellent,4234.9,2019.1
73.5,1168.0,28.7,BG 352,Full Irrigation,None,Good,4316.1,2128.2
21.4,2041.0,24.8,AT 362,Partial Irrigation,Mild,Excellent,4437.9,1223.0
20.2,1500.0,24.2,BG 359,Rainfed,None,Average,4397.3,1318.6
71.1,1025.0,31.3,BG 358,Partial Irrigation,None,Good,4234.9,1556.4
50.5,1037.0,25.7,BG 352,Rainfed,Severe,Poor,4194.3,425.7
38.0,1157.0,25.9,BG 359,Rainfed,Mild,Good,4356.7,1189.8
81.4,1268.0,28.2,BG 358,Rainfed,Mild,Average,4153.7,1599.7
42.8,1545.0,26.6,BG 352,Partial Irrigation,None,Excellent,4275.5,1977.3
79.2,1873.0,30.2,BG 352,Partial Irrigation,Mild,Average,4234.9,1305.5
57.9,1143.0,28.9,AT 362,Partial Irrigation,None,Average,4153.7,1191.4
38.7,2190.0,25.1,AT 362,Full Irrigation,None,Average,4316.1,1268.9
33.8,1110.0,31.8,BG 358,Rainfed,None,Excellent,4194.3,1206.8
43.7,1679.0,28.3,BG 359,Rainfed,None,Excellent,4153.7,1902.9
23.0,2108.0,30.1,BG 358,Full Irrigation,None,Average,4316.1,1466.1
50.8,1982.0,24.0,BG 359,Rainfed,Mild,Excellent,4153.7,1400.3
110.2,1742.0,30.3,BG 352,Rainfed,None,Excellent,4356.7,2052.3
103.1,1830.0,26.8,Traditional,Full Irrigation,Moderate,Excellent,4153.7,1493.0
57.2,1074.0,28.9,AT 362,Rainfed,Moderate,Excellent,4234.9,1113.6
77.6,913.0,27.0,Traditional,Rainfed,None,Average,4397.3,1036.4
76.7,1464.0,34.0,BG 358,Full Irrigation,Mild,Good,4194.3,2110.7
102.9,1016.0,26.3,Traditional,Partial Irrigation,None,Average,4356.7,1220.9
43.6,1365.0,33.1,BG 359,Rainfed,Moderate,Average,4356.7,1043.5
49.6,1191.0,33.2,BG 352,Full Irrigation,None,Average,4437.9,1297.6
50.2,2091.0,28.2,BG 358,Rainfed,None,Poor,4153.7,1094.5
24.1,2044.0,27.0,Traditional,Full Irrigation,None,Poor,4356.7,1008.5
51.5,1965.0,27.8,AT 362,Partial Irrigation,Moderate,Excellent,4437.9,1371.3
107.8,1828.0,33.9,AT 362,Full Irrigation,None,Poor,4356.7,1551.1
111.2,1100.0,30.2,BG 358,Full Irrigation,Moderate,Good,4153.7,1629.6
31.0,963.0,29.4,AT 362,Full Irrigation,None,Excellent,4397.3,1624.4
65.8,1750.0,24.4,Traditional,Rainfed,Mild,Average,4113.1,923.5
58.1,1735.0,32.5,BG 352,Full Irrigation,None,Average,4316.1,1762.9
68.9,1380.0,24.8,BG 358,Rainfed,None,Excellent,4275.5,1728.5
75.5,1514.0,24.5,BG 352,Rainfed,None,Excellent,4275.5,1775.6
22.0,1536.0,26.7,BG 352,Partial Irrigation,None,Excellent,4275.5,1834.9
104.2,1212.0,28.8,Traditional,Rainfed,Mild,Good,4113.1,1317.0
117.4,1308.0,33.0,BG 358,Partial Irrigation,Mild,Excellent,4275.5,2325.9
85.3,1444.0,31.9,BG 352,Rainfed,None,Average,4437.9,1394.2
86.0,1684.0,26.0,BG 352,Partial Irrigation,None,Good,4234.9,1836.0
72.8,2143.0,27.7,Traditional,Partial Irrigation,None,Good,4194.3,1371.2
53.4,1600.0,31.8,BG 359,Partial Irrigation,Mild,Excellent,4437.9,1821.9
34.9,1851.0,29.3,AT 362,Partial Irrigation,Mild,Average,4113.1,1069.5
78.4,1949.0,25.7,BG 358,Full Irrigation,Moderate,Excellent,4275.5,1768.8
24.5,1048.0,28.0,AT 362,Rainfed,Moderate,Good,4275.5,850.5
102.5,1749.0,30.3,Traditional,Full Irrigation,None,Poor,4275.5,1362.1
62.1,1527.0,33.7,AT 362,Partial Irrigation,None,Good,4437.9,1576.7
61.5,1644.0,30.6,BG 359,Partial Irrigation,Moderate,Excellent,4234.9,1407.5
52.7,950.0,24.2,BG 358,Partial Irrigation,None,Average,4437.9,1346.4
116.9,2078.0,31.1,BG 358,Rainfed,None,Good,4113.1,1560.3
37.5,2139.0,26.5,BG 359,Full Irrigation,None,Excellent,4356.7,2204.8
35.1,905.0,32.6,BG 359,Rainfed,Mild,Excellent,4316.1,1070.4
36.6,1177.0,27.8,BG 352,Full Irrigation,Mild,Average,4194.3,1402.9
85.9,1134.0,26.0,BG 352,Rainfed,Severe,Excellent,4194.3,776.2
119.2,1916.0,28.7,BG 359,Full Irrigation,None,Good,4356.7,2880.8
43.5,1678.0,26.6,BG 352,Partial Irrigation,None,Good,4316.1,1827.2
110.6,1131.0,26.4,BG 359,Partial Irrigation,None,Good,4316.1,1917.3
47.9,1958.0,29.7,BG 358,Full Irrigation,Mild,Average,4113.1,1561.5
84.8,1360.0,31.7,BG 358,Rainfed,None,Average,4316.1,1504.4
24.0,1499.0,32.3,BG 352,Partial Irrigation,Severe,Poor,4437.9,585.1
69.6,1403.0,28.0,BG 359,Full Irrigation,None,Excellent,4113.1,2763.9
85.5,1578.0,24.7,BG 352,Rainfed,Mild,Average,4275.5,1308.9
73.6,1524.0,28.8,AT 362,Rainfed,Moderate,Good,4275.5,1350.0
43.8,1257.0,28.3,Traditional,Partial Irrigation,None,Good,4437.9,1311.1
102.8,1452.0,26.0,Traditional,Rainfed,Mild,Good,4194.3,1154.8
117.0,2081.0,33.0,AT 362,Full Irrigation,None,Excellent,4275.5,2350.7
65.9,1554.0,33.7,Traditional,Full Irrigation,Moderate,Excellent,4356.7,1305.2
83.6,2091.0,24.5,Traditional,Rainfed,Moderate,Poor,4113.1,576.4
99.0,1615.0,32.0,AT 362,Rainfed,Mild,Excellent,4397.3,1684.3
44.1,1899.0,30.5,BG 358,Full Irrigation,None,Poor,4397.3,1367.9
106.4,1282.0,26.6,BG 359,Partial Irrigation,Severe,Good,4356.7,1450.7
48.0,1928.0,30.4,Traditional,Full Irrigation,Severe,Good,4316.1,706.6
97.6,1244.0,25.3,AT 362,Full Irrigation,Mild,Poor,4356.7,1530.2
31.2,925.0,24.7,BG 358,Partial Irrigation,Severe,Average,4397.3,612.1
48.8,1109.0,33.9,BG 352,Rainfed,None,Excellent,4437.9,1280.1
73.4,928.0,30.4,BG 352,Partial Irrigation,None,Poor,4234.9,1056.1
72.5,2131.0,26.5,BG 358,Partial Irrigation,None,Poor,4275.5,1359.6
105.0,2200.0,28.5,Traditional,Partial Irrigation,None,Poor,4316.1,1146.6
119.6,1891.0,33.5,BG 359,Rainfed,None,Poor,4153.7,1317.4
30.7,1041.0,28.4,BG 352,Rainfed,Mild,Good,4397.3,1085.1
47.1,2069.0,33.0,Traditional,Partial Irrigation,None,Excellent,4356.7,1127.8
55.8,1867.0,32.7,BG 359,Partial Irrigation,None,Good,4316.1,1554.4
67.9,1332.0,27.4,BG 358,Partial Irrigation,Mild,Average,4194.3,1586.1
69.4,1553.0,31.0,Traditional,Rainfed,Mild,Excellent,4234.9,1213.7
105.6,1760.0,30.6,BG 358,Full Irrigation,Severe,Average,4234.9,1228.3
97.1,931.0,31.7,AT 362,Full Irrigation,None,Average,4316.1,1546.0
